Category,Taxonomic Class,Taxonomic Order,Family,Genus,Scientific Name,Common Name,State Rank,Global Rank,Federal Status,State Status,ODWC Tier
Plant,Lycopodiopsida,Isoetales,Isoetaceae,Isoetes,Isoetes butleri,Butler's quillwort,S1,G4,,,
Plant,Lycopodiopsida,Lycopodiales,Lycopodiaceae,Lycopodiella,Lycopodiella appressa,southern bog clubmoss,S1,G5,,,
Plant,Lycopodiopsida,Selaginellales,Selaginellaceae,Selaginella,Selaginella densa,dense spikemoss,S1,G5,,,
Plant,Lycopodiopsida,Selaginellales,Selaginellaceae,Selaginella,Selaginella underwoodii,Underwood's spikemoss,S1,G5?,,,
Plant,Magnoliopsida,Alismatales,Araceae,Peltandra,Peltandra virginica,green arrow-arum,S1,G5,,,
Plant,Magnoliopsida,Alismatales,Araceae,Wolffiella,Wolffiella gladiata,sword bogmat,S1,G5,,,
Plant,Magnoliopsida,Alismatales,Hydrocharitaceae,Limnobium,Limnobium spongia,American Frog's-bit,S1,G4,,,
Plant,Magnoliopsida,Apiales,Apiaceae,Erigenia,Erigenia bulbosa,harbinger of spring,S1,G5,,,
Plant,Magnoliopsida,Apiales,Apiaceae,Eryngium,Eryngium hookeri,Hooker's eryngo,S1,G3G5,,,
Plant,Magnoliopsida,Apiales,Apiaceae,Perideridia,Perideridia americana,eastern eulophus,S1,G4,,,
Plant,Magnoliopsida,Apiales,Apiaceae,Ptilimnium,Ptilimnium costatum,ribbed mock bishopweed,S1,G4,,,
Plant,Magnoliopsida,Apiales,Apiaceae,Ptilimnium,Ptilimnium nodosum,harperella,S1,G2,Listed Endangered,,
Plant,Magnoliopsida,Apiales,Araliaceae,Panax,Panax quinquefolius,American ginseng,S1,G3G4,,,
Plant,Magnoliopsida,Aquifoliales,Aquifoliaceae,Ilex,Ilex ambigua,Carolina holly,S1,G5,,,
Plant,Magnoliopsida,Asparagales,Amaryllidaceae,Hymenocallis,Hymenocallis occidentalis var. eulae,northern spiderlily,S1,G4?TNR,,,
Plant,Magnoliopsida,Asparagales,Amaryllidaceae,Hymenocallis,Hymenocallis occidentalis var. occidentalis,northern spiderlily,S1,G4?TNR,,,
Plant,Magnoliopsida,Asparagales,Asparagaceae,Nolina,Nolina greenei,woodland beargrass,S1,G2,,,
Plant,Magnoliopsida,Asparagales,Asparagaceae,Yucca,Yucca louisianensis,gulf coast yucca,S1,G4G5,,,
Plant,Magnoliopsida,Asparagales,Iridaceae,Alophia,Alophia drummondii,purple pleatleaf,S1,G4,,,
Plant,Magnoliopsida,Asparagales,Iridaceae,Iris,Iris brevicaulis,lamance iris,S1,G4,,,
Plant,Magnoliopsida,Asparagales,Iridaceae,Iris,Iris virginica,Virginia blueflag,S1,G5,,,
Plant,Magnoliopsida,Asparagales,Iridaceae,Nemastylis,Nemastylis nuttallii,Nuttall's pleatleaf,S1,G4,,,
Plant,Magnoliopsida,Asparagales,Orchidaceae,Corallorhiza,Corallorhiza odontorhiza,autumn coralroot,S1,G5,,,
Plant,Magnoliopsida,Asparagales,Orchidaceae,Corallorhiza,Corallorhiza wisteriana,spring coralroot,S1,G5,,,
Plant,Magnoliopsida,Asparagales,Orchidaceae,Cypripedium,Cypripedium kentuckiense,southern lady's slipper,S1,G3,,,
Plant,Magnoliopsida,Asparagales,Orchidaceae,Cypripedium,Cypripedium parviflorum var. parviflorum,small yellow lady's slipper,S1,G5T3T5,,,
Plant,Magnoliopsida,Asparagales,Orchidaceae,Cypripedium,Cypripedium parviflorum var. pubescens,large yellow lady's slipper,S1,G5T5,,,
Plant,Magnoliopsida,Asparagales,Orchidaceae,Habenaria,Habenaria repens,waterspider orchid,S1,G5,,,
Plant,Magnoliopsida,Asparagales,Orchidaceae,Hexalectris,Hexalectris spicata,crested coralroot,S1,G5,,,
Plant,Magnoliopsida,Asparagales,Orchidaceae,Isotria,Isotria verticillata,larged worled pogonia,S1,G5,,,
Plant,Magnoliopsida,Asparagales,Orchidaceae,Liparis,Liparis liliifolia,large twayblade,S1,G5,,,
Plant,Magnoliopsida,Asparagales,Orchidaceae,Malaxis,Malaxis unifolia,green adder's-mouth,S1,G5,,,
Plant,Magnoliopsida,Asparagales,Orchidaceae,Neottia,Neottia bifolia,southern twayblade,S1,G4,,,
Plant,Magnoliopsida,Asparagales,Orchidaceae,Platanthera,Platanthera ciliaris,yellow fringed orchid,S1,G5,,,
Plant,Magnoliopsida,Asparagales,Orchidaceae,Platanthera,Platanthera flava,pale green orchid,S1,G4?,,,
Plant,Magnoliopsida,Asparagales,Orchidaceae,Platanthera,Platanthera flava var. flava,southern rein orchid,S1,G4?T4?Q,,,
Plant,Magnoliopsida,Asparagales,Orchidaceae,Platanthera,Platanthera lacera,green fringed orchid,S1,G5,,,
Plant,Magnoliopsida,Asparagales,Orchidaceae,Pogonia,Pogonia ophioglossoides,rose pogonia,S1,G5,,,
Plant,Magnoliopsida,Asparagales,Orchidaceae,Spiranthes,Spiranthes odorata,sweetscent ladies' tresses,S1,G5,,,
Plant,Magnoliopsida,Asparagales,Orchidaceae,Spiranthes,Spiranthes praecox,grassleaf ladies' tresses,S1,G5,,,
Plant,Magnoliopsida,Asparagales,Orchidaceae,Triphora,Triphora trianthophoros,nodding pogonia,S1,G4?,,,
Plant,Magnoliopsida,Asparagales,Orchidaceae,Triphora,Triphora trianthophoros var. trianthophoros,threebirds,S1,G5,,,
Plant,Magnoliopsida,Asterales,Asteraceae,Acmella,Acmella oppositifolia,oppositeleaf spotflower,S1,G5,,,
Plant,Magnoliopsida,Asterales,Asteraceae,Ambrosia,Ambrosia confertiflora,weak-leaf bursage,S1,G5,,,
Plant,Magnoliopsida,Asterales,Asteraceae,Arnoglossum,Arnoglossum atriplicifolium,great indian plantain,S1,G4G5,,,
Plant,Magnoliopsida,Asterales,Asteraceae,Arnoglossum,Arnoglossum reniforme,great indian plaintain,S1,G4,,,
Plant,Magnoliopsida,Asterales,Asteraceae,Brickellia,Brickellia brachyphylla,plume brickellbush,S1,G5,,,
Plant,Magnoliopsida,Asterales,Asteraceae,Brickellia,Brickellia californica,California brickellbush,S1,G5,,,
Plant,Magnoliopsida,Asterales,Asteraceae,Chloracantha,Chloracantha spinosa,Mexican devilweed,S1,G4G5,,,
Plant,Magnoliopsida,Asterales,Asteraceae,Cirsium,Cirsium muticum,swamp thistle,S1,G5,,,
Plant,Magnoliopsida,Asterales,Asteraceae,Diaperia,Diaperia candida,silver evax,S1,G3G5,,,
Plant,Magnoliopsida,Asterales,Asteraceae,Doellingeria,Doellingeria sericocarpoides,southern whitetop,S1,G3G5,,,
Plant,Magnoliopsida,Asterales,Asteraceae,Echinacea,Echinacea paradoxa,Bush's purple coneflower,S1,G3,,,
Plant,Magnoliopsida,Asterales,Asteraceae,Echinacea,Echinacea paradoxa var. neglecta,coneflower,S1,G3T1,,,
Plant,Magnoliopsida,Asterales,Asteraceae,Echinacea,Echinacea sanguinea,sanguin coneflower,S1,G3G5,,,
Plant,Magnoliopsida,Asterales,Asteraceae,Eupatorium,Eupatorium rotundifolium,round-leaf thoroughwort,S1,G5,,,
Plant,Magnoliopsida,Asterales,Asteraceae,Eupatorium,Eupatorium rotundifolium var. rotundifolium,roundleaf thoroughwort,S1,G5T5,,,
Plant,Magnoliopsida,Asterales,Asteraceae,Euthamia,Euthamia graminifolia,flat-top goldentop,S1,G5,,,
Plant,Magnoliopsida,Asterales,Asteraceae,Euthamia,Euthamia leptocephala,bushy fragrant goldenrod,S1,G5,,,
Plant,Magnoliopsida,Asterales,Asteraceae,Euthamia,Euthamia oklahomensis,,S1,G1,,,
Plant,Magnoliopsida,Asterales,Asteraceae,Gutierrezia,Gutierrezia sphaerocephala,roundleaf snakeweed,S1,G5,,,
Plant,Magnoliopsida,Asterales,Asteraceae,Haploesthes,Haploesthes greggii,false broomweed,S1,G4?,,,
Plant,Magnoliopsida,Asterales,Asteraceae,Haploesthes,Haploesthes greggii var. texana,false broomweed,S1,G4?TNR,,,
Plant,Magnoliopsida,Asterales,Asteraceae,Helianthus,Helianthus silphioides,silphium sunflower,S1,G4,,,
Plant,Magnoliopsida,Asterales,Asteraceae,Hymenopappus,Hymenopappus filifolius,fineleaf hymenopappus,S1,G5,,,
Plant,Magnoliopsida,Asterales,Asteraceae,Hymenopappus,Hymenopappus filifolius var. cinereus,fineleaf woollywhite,S1,G5T4T5,,,
Plant,Magnoliopsida,Asterales,Asteraceae,Ionactis,Ionactis linariifolia,flaxleaf aster,S1,G5,,,
Plant,Magnoliopsida,Asterales,Asteraceae,Krigia,Krigia wrightii,Wright's dwarfdandelion,S1,G3G4,,,
Plant,Magnoliopsida,Asterales,Asteraceae,Liatris,Liatris aestivalis,summer gayfeather,S1,G3,,,
Plant,Magnoliopsida,Asterales,Asteraceae,Liatris,Liatris compacta,scaly blazing star,S1,G5T3,,,
Plant,Magnoliopsida,Asterales,Asteraceae,Liatris,Liatris cylindracea,ontario blazing star,S1,G5,,,
Plant,Magnoliopsida,Asterales,Asteraceae,Packera,Packera tridenticulata,three-tooth grounsel,S1,G5,,,
Plant,Magnoliopsida,Asterales,Asteraceae,Pericome,Pericome caudata,mountain leaftail,S1,G5,,,
Plant,Magnoliopsida,Asterales,Asteraceae,Pluchea,Pluchea foetida,stinking camphorweed,S1,G5,,,
Plant,Magnoliopsida,Asterales,Asteraceae,Prenanthes,Prenanthes barbata,barbed rattlesnake root,S1,G3,,,
Plant,Magnoliopsida,Asterales,Asteraceae,Pseudognaphalium,Pseudognaphalium stramineum,cottonbatting cudweed,S1,G5,,,
Plant,Magnoliopsida,Asterales,Asteraceae,Senecio,Senecio ampullaceus,Texas groundsel,S1,G4,,,
Plant,Magnoliopsida,Asterales,Asteraceae,Shinnersoseris,Shinnersoseris rostrata,annual skeletonweed,S1,G5?,,,
Plant,Magnoliopsida,Asterales,Asteraceae,Solidago,Solidago auriculata,eared goldenrod,S1,G4,,,
Plant,Magnoliopsida,Asterales,Asteraceae,Solidago,Solidago velutina,threenerve goldenrod,S1,G5?,,,
Plant,Magnoliopsida,Asterales,Asteraceae,Solidago,Solidago velutina ssp. sparsiflora,three-nerve goldenrod,S1,G5?,,,
Plant,Magnoliopsida,Asterales,Asteraceae,Stephanomeria,Stephanomeria pauciflora,prairie skeletonplant,S1,G5,,,
Plant,Magnoliopsida,Asterales,Asteraceae,Symphyotrichum,Symphyotrichum parviceps,smallhead aster,S1,G4?,,,
Plant,Magnoliopsida,Asterales,Asteraceae,Symphyotrichum,Symphyotrichum racemosum,small white aster,S1,G4G5,,,
Plant,Magnoliopsida,Asterales,Asteraceae,Symphyotrichum,Symphyotrichum sericeum,western silver aster,S1,G5,,,
Plant,Magnoliopsida,Boraginales,Heliotropiaceae,Euploca,Euploca procumbens,four-spike heliotrope,S1,G5,,,
Plant,Magnoliopsida,Boraginales,Hydrophyllaceae,Phacelia,Phacelia gilioides,Brand's phacelia,S1,G5,,,
Plant,Magnoliopsida,Brassicales,Brassicaceae,Boechera,Boechera dentata,Short's rockcress,S1,G5,,,
Plant,Magnoliopsida,Brassicales,Brassicaceae,Cardamine,Cardamine angustata,slender toothwort,S1,G5,,,
Plant,Magnoliopsida,Brassicales,Brassicaceae,Draba,Draba aprica,open-ground whitlowgrass,S1,G3,,,
Plant,Magnoliopsida,Brassicales,Brassicaceae,Rorippa,Rorippa aquatica,lakecress,S1,G4?,,,
Plant,Magnoliopsida,Brassicales,Cleomaceae,Polanisia,Polanisia erosa,large clammyweed,S1,G5,,,
Plant,Magnoliopsida,Brassicales,Cleomaceae,Polanisia,Polanisia erosa ssp. erosa,large clammyweed,S1,G5T5,,,
Plant,Magnoliopsida,Caryophyllales,Aizoaceae,Sesuvium,Sesuvium verrucosum,winged sea purslane,S1,G5,,,
Plant,Magnoliopsida,Caryophyllales,Amaranthaceae,Chenopodium,Chenopodium pallescens,narrowleaf goosefoot,S1,G5,,,
Plant,Magnoliopsida,Caryophyllales,Amaranthaceae,Krascheninnikovia,Krascheninnikovia lanata,winterfat,S1,G5,,,
Plant,Magnoliopsida,Caryophyllales,Amaranthaceae,Suckleya,Suckleya suckleyana,poison suckleya,S1,G5,,,
Plant,Magnoliopsida,Caryophyllales,Cactaceae,Cylindropuntia,Cylindropuntia davisii,tuna cholla,S1,G5T4,,,
Plant,Magnoliopsida,Caryophyllales,Cactaceae,Echinocactus,Echinocactus texensis,horse crippler,S1,G5,,,
Plant,Magnoliopsida,Caryophyllales,Cactaceae,Echinocereus,Echinocereus viridiflorus,nylon hedgehog cactus,S1,G5,,,
Plant,Magnoliopsida,Caryophyllales,Cactaceae,Echinocereus,Echinocereus viridiflorus ssp. viridiflorus,green-flower hedgehog cactus,S1,G5,,,
Plant,Magnoliopsida,Caryophyllales,Cactaceae,Mammillaria,Mammillaria heyderi,little nipple cactus,S1,G4,,,
Plant,Magnoliopsida,Caryophyllales,Cactaceae,Mammillaria,Mammillaria heyderi ssp. heyderi,little nipple cactus,S1,G4,,,
Plant,Magnoliopsida,Caryophyllales,Cactaceae,Opuntia,Opuntia fragilis,brittle pricklypear,S1,G5,,,
Plant,Magnoliopsida,Caryophyllales,Caryophyllaceae,Paronychia,Paronychia drummondii,Drummond's nailwort,S1,G4G5,,,
Plant,Magnoliopsida,Caryophyllales,Caryophyllaceae,Paronychia,Paronychia sessiliflora,low nailwort,S1,G5,,,
Plant,Magnoliopsida,Caryophyllales,Caryophyllaceae,Silene,Silene regia,royal catchfly,S1,G3,,,
Plant,Magnoliopsida,Caryophyllales,Droseraceae,Drosera,Drosera brevifolia,dwarf sundew,S1,G5,,,
Plant,Magnoliopsida,Caryophyllales,Molluginaceae,Glinus,Glinus radiatus,carpetweed,S1,G5,,,
Plant,Magnoliopsida,Caryophyllales,Montiaceae,Phemeranthus,Phemeranthus rugospermus,prairie fameflower,S1,G3G4,,,
Plant,Magnoliopsida,Caryophyllales,Plumbaginaceae,Limonium,Limonium limbatum,Trans-Pecos sea lavender,S1,G4,,,
Plant,Magnoliopsida,Caryophyllales,Polygonaceae,Eriogonum,Eriogonum jamesii,James' buckwheat,S1,G5,,,
Plant,Magnoliopsida,Caryophyllales,Polygonaceae,Eriogonum,Eriogonum jamesii var. jamesii,James' wild buckwheat,S1,G5T4T5,,,
Plant,Magnoliopsida,Caryophyllales,Polygonaceae,Eriogonum,Eriogonum lachnogynum,longroot wild buckwheat,S1,G4?,,,
Plant,Magnoliopsida,Caryophyllales,Polygonaceae,Eriogonum,Eriogonum tenellum,tall buckwheat,S1,G5,,,
Plant,Magnoliopsida,Caryophyllales,Polygonaceae,Eriogonum,Eriogonum tenellum var. tenellum,tall wild buckwheat,S1,G5T5,,,
Plant,Magnoliopsida,Caryophyllales,Polygonaceae,Polygonella,Polygonella americana,southern jointweed,S1,G5,,,
Plant,Magnoliopsida,Celastrales,Celastraceae,Parnassia,Parnassia grandifolia,largeleaf grass of Parnassus,S1,G3,,,
Plant,Magnoliopsida,Commelinales,Pontederiaceae,Heteranthera,Heteranthera dubia,grassleaf mudplantain,S1,G5,,,
Plant,Magnoliopsida,Commelinales,Pontederiaceae,Heteranthera,Heteranthera missouriensis,Missouri Mud-Plantain,S1,G3,,,
Plant,Magnoliopsida,Cornales,Hydrangeaceae,Philadelphus,Philadelphus pubescens,hoary mock-orange,S1,G5?,,,
Plant,Magnoliopsida,Cornales,Loasaceae,Cevallia,Cevallia sinuata,stinging serpent,S1,GNR,,,
Plant,Magnoliopsida,Crossosomatales,Crossosomataceae,Glossopetalon,Glossopetalon spinescens var. planitierum,Texas greasebush,S1,G4,,,
Plant,Magnoliopsida,Cucurbitales,Cucurbitaceae,Cayaponia,Cayaponia quinqueloba,five-lobe cayaponia,S1,G4,,,
Plant,Magnoliopsida,Cucurbitales,Cucurbitaceae,Echinocystis,Echinocystis lobata,wild mock cucumber,S1,G5,,,
Plant,Magnoliopsida,Dioscoreales,Nartheciaceae,Aletris,Aletris aurea,golden colicroot,S1,G5,,,
Plant,Magnoliopsida,Dioscoreales,Nartheciaceae,Aletris,Aletris farinosa,white-tubed colicroot,S1,G5,,,
Plant,Magnoliopsida,Ericales,Ericaceae,Hypopitys,Hypopitys monotropa,American pinesap,S1,G5,,,
Plant,Magnoliopsida,Ericales,Ericaceae,Lyonia,Lyonia ligustrina,maleberry,S1,G5,,,
Plant,Magnoliopsida,Ericales,Ericaceae,Lyonia,Lyonia mariana,staggerbush,S1,G5,,,
Plant,Magnoliopsida,Ericales,Ericaceae,Rhododendron,Rhododendron viscosum,swamp azalea,S1,G5,,,
Plant,Magnoliopsida,Ericales,Polemoniaceae,Phlox,Phlox longipilosa,longhair phlox,S1,G1,,,
Plant,Magnoliopsida,Ericales,Primulaceae,Lysimachia,Lysimachia quadriflora,four-flowered loosestrife,S1,G5?,,,
Plant,Magnoliopsida,Ericales,Primulaceae,Lysimachia,Lysimachia radicans,trailing loosestrife,S1,G4G5,,,
Plant,Magnoliopsida,Ericales,Primulaceae,Lysimachia,Lysimachia terrestris,Earth loosestrife,S1,G5,,,
Plant,Magnoliopsida,Ericales,Styracaceae,Styrax,Styrax americanus,American snowbell,S1,G5,,,
Plant,Magnoliopsida,Ericales,Symplocaceae,Symplocos,Symplocos tinctoria,horse-sugar,S1,G5,,,
Plant,Magnoliopsida,Fabales,Fabaceae,Aeschynomene,Aeschynomene indica,indian joint-vetch,S1,G5,,,
Plant,Magnoliopsida,Fabales,Fabaceae,Amorpha,Amorpha paniculata,panicled indigobush,S1,G3,,,
Plant,Magnoliopsida,Fabales,Fabaceae,Astragalus,Astragalus bisulcatus,twogrooved milkvetch,S1,G5,,,
Plant,Magnoliopsida,Fabales,Fabaceae,Astragalus,Astragalus bisulcatus var. bisulcatus,twogrooved milkvetch,S1,G5T5,,,
Plant,Magnoliopsida,Fabales,Fabaceae,Astragalus,Astragalus ceramicus,painted milkvetch,S1,G4,,,
Plant,Magnoliopsida,Fabales,Fabaceae,Astragalus,Astragalus ceramicus var. filifolius,painted milkvetch,S1,G4T4,,,
Plant,Magnoliopsida,Fabales,Fabaceae,Astragalus,Astragalus gilviflorus,plains milkvetch,S1,G5,,,
Plant,Magnoliopsida,Fabales,Fabaceae,Astragalus,Astragalus gilviflorus var. gilviflorus,plains milkvetch,S1,G5T5,,,
Plant,Magnoliopsida,Fabales,Fabaceae,Astragalus,Astragalus puniceus,trinidad milkvetch,S1,G4,,,
Plant,Magnoliopsida,Fabales,Fabaceae,Astragalus,Astragalus puniceus var. puniceus,trinidad milkvetch,S1,G4T3?Q,,,
Plant,Magnoliopsida,Fabales,Fabaceae,Cladrastis,Cladrastis kentukea,yellow wood,S1,G4,,,
Plant,Magnoliopsida,Fabales,Fabaceae,Dalea,Dalea compacta,compact prairie clover,S1,G5,,,
Plant,Magnoliopsida,Fabales,Fabaceae,Dalea,Dalea cylindriceps,Andean prairie clover,S1,G3,,,
Plant,Magnoliopsida,Fabales,Fabaceae,Dalea,Dalea jamesii,James' dalea,S1,G5,,,
Plant,Magnoliopsida,Fabales,Fabaceae,Dalea,Dalea nana,dwarf dalea,S1,G5,,,
Plant,Magnoliopsida,Fabales,Fabaceae,Dalea,Dalea phleoides var. microphylla,slimspike prairie clover,S1,G4T4,,,
Plant,Magnoliopsida,Fabales,Fabaceae,Dalea,Dalea tenuifolia,slimleaf prairie clover,S1,G5,,,
Plant,Magnoliopsida,Fabales,Fabaceae,Desmodium,Desmodium nuttallii,Nuttall's ticktrefoil,S1,G5,,,
Plant,Magnoliopsida,Fabales,Fabaceae,Desmodium,Desmodium pauciflorum,fewflower ticktrefoil,S1,G5,,,
Plant,Magnoliopsida,Fabales,Fabaceae,Lathyrus,Lathyrus eucosmus,seemly sweetpea,S1,G4G5,,,
Plant,Magnoliopsida,Fabales,Fabaceae,Lathyrus,Lathyrus polymorphus,manystem pea,S1,G5?,,,
Plant,Magnoliopsida,Fabales,Fabaceae,Lathyrus,Lathyrus polymorphus var. incanus,manystem pea,S1,G5?T4T5,,,
Plant,Magnoliopsida,Fabales,Fabaceae,Lupinus,Lupinus plattensis,nebraska lupine,S1,G4,,,
Plant,Magnoliopsida,Fabales,Fabaceae,Mimosa,Mimosa roemeriana,Roemer's sensitive-briar,S1,G5TNR,,,
Plant,Magnoliopsida,Fabales,Fabaceae,Mimosa,Mimosa rupertiana,western sensitivebriar,S1,G5T4T5,,,
Plant,Magnoliopsida,Fabales,Fabaceae,Pediomelum,Pediomelum hypogaeum var. hypogaeum,edible scurfpea,S1,G5T4,,,
Plant,Magnoliopsida,Fabales,Fabaceae,Pediomelum,Pediomelum hypogaeum var. subulatum,subterranean indian breadroot,S1,G5T4,,,
Plant,Magnoliopsida,Fabales,Fabaceae,Phaseolus,Phaseolus polystachios,wild kidney bean,S1,G5,,,
Plant,Magnoliopsida,Fabales,Fabaceae,Wisteria,Wisteria frutescens,kentucky wisteria,S1,G5,,,
Plant,Magnoliopsida,Fagales,Fagaceae,Fagus,Fagus grandifolia,American beech,S1,G5,,,
Plant,Magnoliopsida,Fagales,Fagaceae,Quercus,Quercus fusiformis,plateau live oak,S1,G5,,,
Plant,Magnoliopsida,Fagales,Fagaceae,Quercus,Quercus gambelii,gambel oak,S1,G5,,,
Plant,Magnoliopsida,Fagales,Fagaceae,Quercus,Quercus turbinella,sonoran scrub oak,S1,G5,,,
Plant,Magnoliopsida,Fagales,Juglandaceae,Carya,Carya aquatica,water hickory,S1,G5,,,
Plant,Magnoliopsida,Fagales,Juglandaceae,Carya,Carya myristiciformis,nutmeg hickory,S1,G4,,,
Plant,Magnoliopsida,Fagales,Myricaceae,Morella,Morella cerifera,southern bayberry,S1,G5,,,
Plant,Magnoliopsida,Gentianales,Apocynaceae,Asclepias,Asclepias macrotis,long-hood milkweed,S1,G4,,,
Plant,Magnoliopsida,Gentianales,Apocynaceae,Asclepias,Asclepias oenotheroides,zizotes milkweed,S1,G4G5,,,
Plant,Magnoliopsida,Gentianales,Apocynaceae,Asclepias,Asclepias purpurascens,purple milkweed,S1,G5?,,,
Plant,Magnoliopsida,Gentianales,Apocynaceae,Funastrum,Funastrum crispum,wavyleaf twinevine,S1,G4G5,,,
Plant,Magnoliopsida,Gentianales,Gentianaceae,Bartonia,Bartonia paniculata,twining screwstem,S1,G5,,,
Plant,Magnoliopsida,Gentianales,Gentianaceae,Bartonia,Bartonia paniculata ssp. paniculata,twining screwstem,S1,G5T5,,,
Plant,Magnoliopsida,Gentianales,Gentianaceae,Centaurium,Centaurium texense,lady bird's centaury,S1,G4?,,,
Plant,Magnoliopsida,Gentianales,Gentianaceae,Frasera,Frasera caroliniensis,Carolina gentian,S1,G5,,,
Plant,Magnoliopsida,Gentianales,Gentianaceae,Gentiana,Gentiana alba,yellow gentian,S1,G4,,,
Plant,Magnoliopsida,Gentianales,Loganiaceae,Mitreola,Mitreola sessilifolia,swamp hornpod,S1,G4G5,,,
Plant,Magnoliopsida,Gentianales,Rubiaceae,Houstonia,Houstonia humifusa,matted bluet,S1,G5,,,
Plant,Magnoliopsida,Gentianales,Rubiaceae,Houstonia,Houstonia micrantha,southern bluet,S1,G4G5,,,
Plant,Magnoliopsida,Gentianales,Rubiaceae,Oldenlandia,Oldenlandia uniflora,clustered bluets,S1,G5,,,
Plant,Magnoliopsida,Lamiales,Acanthaceae,Dyschoriste,Dyschoriste linearis,polkadots,S1,G4G5,,,
Plant,Magnoliopsida,Lamiales,Acanthaceae,Dyschoriste,Dyschoriste linearis var. linearis,polkadots,S1,G4G5TNR,,,
Plant,Magnoliopsida,Lamiales,Bignoniaceae,Bignonia,Bignonia capreolata,crossvine,S1,G5,,,
Plant,Magnoliopsida,Lamiales,Lamiaceae,Physostegia,Physostegia pulchella,,S1,G4,,,
Plant,Magnoliopsida,Lamiales,Lamiaceae,Pycnanthemum,Pycnanthemum pilosum,whorled mountainmint,S1,G5T5,,,
Plant,Magnoliopsida,Lamiales,Lamiaceae,Stachys,Stachys iltisii,Oklahoma hedgenettle,S1,G3,,,
Plant,Magnoliopsida,Lamiales,Lamiaceae,Stachys,Stachys palustris,marsh hedgenettle,S1,G5,,,
Plant,Magnoliopsida,Lamiales,Lamiaceae,Warnockia,Warnockia scutellarioides,prairie brazos mint,S1,G4,,,
Plant,Magnoliopsida,Lamiales,Lentibulariaceae,Utricularia,Utricularia inflata,swollen bladderwort,S1,G5,,,
Plant,Magnoliopsida,Lamiales,Lentibulariaceae,Utricularia,Utricularia juncea,southern bladderwort,S1,G5,,,
Plant,Magnoliopsida,Lamiales,Lentibulariaceae,Utricularia,Utricularia radiata,little floating bladderwort,S1,G4,,,
Plant,Magnoliopsida,Lamiales,Oleaceae,Fraxinus,Fraxinus quadrangulata,blue ash,S1,G4,,,
Plant,Magnoliopsida,Lamiales,Orobanchaceae,Aureolaria,Aureolaria flava,Smooth Yellow False Foxglove,S1,G5,,,
Plant,Magnoliopsida,Lamiales,Orobanchaceae,Aureolaria,Aureolaria pectinata,combleaf yellow false foxglove,S1,G5?,,,
Plant,Magnoliopsida,Lamiales,Plantaginaceae,Bacopa,Bacopa monnieri,coastal water-hyssop,S1,G5,,,
Plant,Magnoliopsida,Lamiales,Plantaginaceae,Collinsia,Collinsia verna,spring blue-eyed mary,S1,G5,,,
Plant,Magnoliopsida,Lamiales,Plantaginaceae,Penstemon,Penstemon grandiflorus,large beardtongue,S1,G5?,,,
Plant,Magnoliopsida,Lamiales,Plantaginaceae,Penstemon,Penstemon murrayanus,cupleaf beardtongue,S1,G4,,,
Plant,Magnoliopsida,Lamiales,Plantaginaceae,Veronicastrum,Veronicastrum virginicum,Culver's root,S1,G4,,,
Plant,Magnoliopsida,Liliales,Melanthiaceae,Amianthium,Amianthium muscitoxicum,fly-poison,S1,G4G5,,,
Plant,Magnoliopsida,Liliales,Melanthiaceae,Stenanthium,Stenanthium gramineum,eastern featherbells,S1,G4G5,,,
Plant,Magnoliopsida,Liliales,Melanthiaceae,Trillium,Trillium pusillum,dwarf wakerobin,S1,G3,,,
Plant,Magnoliopsida,Liliales,Melanthiaceae,Trillium,Trillium pusillum var. ozarkanum,ozark least trillium,S1,G3T3,,,
Plant,Magnoliopsida,Liliales,Melanthiaceae,Trillium,Trillium sessile,narrowpetal wakerobin,S1,G5,,,
Plant,Magnoliopsida,Liliales,Melanthiaceae,Veratrum,Veratrum virginicum,Virginia bunchflower,S1,G5,,,
Plant,Magnoliopsida,Liliales,Melanthiaceae,Veratrum,Veratrum woodii,ozark bunchflower,S1,G5,,,
Plant,Magnoliopsida,Liliales,Smilacaceae,Smilax,Smilax walteri,coral greenbrier,S1,G5,,,
Plant,Magnoliopsida,Magnoliales,Magnoliaceae,Magnolia,Magnolia acuminata,cucumber magnolia,S1,G5,,,
Plant,Magnoliopsida,Magnoliales,Magnoliaceae,Magnolia,Magnolia tripetala,umbrella magnolia,S1,G5,,,
Plant,Magnoliopsida,Malpighiales,Euphorbiaceae,Ditaxis,Ditaxis humilis,low silverbush,S1,G5,,,
Plant,Magnoliopsida,Malpighiales,Euphorbiaceae,Euphorbia,Euphorbia commutata,wood spurge,S1,G5,,,
Plant,Magnoliopsida,Malpighiales,Euphorbiaceae,Euphorbia,Euphorbia cordifolia,heartleaf broomspurge,S1,G5,,,
Plant,Magnoliopsida,Malpighiales,Euphorbiaceae,Euphorbia,Euphorbia exstipulata,squareseed spurge,S1,G5,,,
Plant,Magnoliopsida,Malpighiales,Hypericaceae,Hypericum,Hypericum gentianoides,Osage-grass St. John's wort,S1,G5,,,
Plant,Magnoliopsida,Malpighiales,Hypericaceae,Hypericum,Hypericum lobocarpum,five-lobe St. John's wort,S1,G4Q,,,
Plant,Magnoliopsida,Malpighiales,Hypericaceae,Triadenum,Triadenum virginicum,Virginia marsh St. John's wort,S1,G5,,,
Plant,Magnoliopsida,Malpighiales,Linaceae,Linum,Linum imbricatum,tufted flax,S1,G4,,,
Plant,Magnoliopsida,Malpighiales,Phyllanthaceae,Phyllanthopsis,Phyllanthopsis phyllanthoides,missouri buckbrush,S1,G4,,,
Plant,Magnoliopsida,Malpighiales,Phyllanthaceae,Phyllanthus,Phyllanthus warnockii,sand reverchonia,S1,G4G5,,,
Plant,Magnoliopsida,Malvales,Cistaceae,Helianthemum,Helianthemum georgianum,georgia frostweed,S1,G4,,,
Plant,Magnoliopsida,Malvales,Malvaceae,Abutilon,Abutilon fruticosum,Texas Indian mallow,S1,G4G5,,,
Plant,Magnoliopsida,Malvales,Malvaceae,Malvella,Malvella leprosa,alkali mallow,S1,G5,,,
Plant,Magnoliopsida,Malvales,Thymelaeaceae,Dirca,Dirca palustris,eastern leatherwood,S1,G4,,,
Plant,Magnoliopsida,Myrtales,Lythraceae,Didiplis,Didiplis diandra,water purslane,S1,G5,,,
Plant,Magnoliopsida,Myrtales,Onagraceae,Epilobium,Epilobium ciliatum,hairy willowherb,S1,G5,,,
Plant,Magnoliopsida,Myrtales,Onagraceae,Epilobium,Epilobium ciliatum ssp. ciliatum,fringed willowherb,S1,G5T5,,,
Plant,Magnoliopsida,Myrtales,Onagraceae,Epilobium,Epilobium coloratum,purpleleaf willowherb,S1,G5,,,
Plant,Magnoliopsida,Myrtales,Onagraceae,Epilobium,Epilobium leptophyllum,linearleaf willowweed,S1,G5,,,
Plant,Magnoliopsida,Myrtales,Onagraceae,Oenothera,Oenothera demareei,Demaree's gaura,S1,G4Q,,,
Plant,Magnoliopsida,Myrtales,Onagraceae,Oenothera,Oenothera engelmannii,Engelmann's evening primrose,S1,G4,,,
Plant,Magnoliopsida,Myrtales,Onagraceae,Oenothera,Oenothera patriciae,plains butterflyweed,S1,G4G5,,,
Plant,Magnoliopsida,Piperales,Aristolochiaceae,Aristolochia,Aristolochia serpentaria,Virginia snakeroot,S1,G4,,,
Plant,Magnoliopsida,Poales,Cyperaceae,Carex,Carex comosa,bristly sedge,S1,G5,,,
Plant,Magnoliopsida,Poales,Cyperaceae,Carex,Carex debilis,white edge sedge,S1,G5,,,
Plant,Magnoliopsida,Poales,Cyperaceae,Carex,Carex decomposita,cypressknee sedge,S1,G3G4,,,
Plant,Magnoliopsida,Poales,Cyperaceae,Carex,Carex gigantea,giant sedge,S1,G4,,,
Plant,Magnoliopsida,Poales,Cyperaceae,Carex,Carex glaucescens,southern waxy sedge,S1,G4,,,
Plant,Magnoliopsida,Poales,Cyperaceae,Carex,Carex leptalea,bristlystalked sedge,S1,G5,,,
Plant,Magnoliopsida,Poales,Cyperaceae,Carex,Carex longii,greenish-white sedge,S1,G5,,,
Plant,Magnoliopsida,Poales,Cyperaceae,Carex,Carex praegracilis,clustered field sedge,S1,G5,,,
Plant,Magnoliopsida,Poales,Cyperaceae,Carex,Carex shinnersii,Shinner's sedge,S1,G3,,,
Plant,Magnoliopsida,Poales,Cyperaceae,Carex,Carex striatula,lined sedge,S1,G4G5,,,
Plant,Magnoliopsida,Poales,Cyperaceae,Carex,Carex swanii,Swan's sedge,S1,G5,,,
Plant,Magnoliopsida,Poales,Cyperaceae,Carex,Carex typhina,cattail sedge,S1,G5,,,
Plant,Magnoliopsida,Poales,Cyperaceae,Cyperus,Cyperus granitophilus,granite-loving flatsedge,S1,G3G4Q,,,
Plant,Magnoliopsida,Poales,Cyperaceae,Eleocharis,Eleocharis atropurpurea,purple spikerush,S1,G4G5,,,
Plant,Magnoliopsida,Poales,Cyperaceae,Eleocharis,Eleocharis equisetoides,jointed spikesedge,S1,G4,,,
Plant,Magnoliopsida,Poales,Cyperaceae,Eleocharis,Eleocharis flavescens var. flavescens,pale spikerush,S1,G5TNR,,,
Plant,Magnoliopsida,Poales,Cyperaceae,Eleocharis,Eleocharis tortilis,twisted spikerush,S1,G5,,,
Plant,Magnoliopsida,Poales,Cyperaceae,Eleocharis,Eleocharis wolfii,Wolf's spikerush,S1,G3G5,,,
Plant,Magnoliopsida,Poales,Cyperaceae,Eleocharisa,Eleocharis flavescens,,S1,G5,,,
Plant,Magnoliopsida,Poales,Cyperaceae,Rhynchospora,Rhynchospora caduca,falling beakedrush,S1,G5,,,
Plant,Magnoliopsida,Poales,Cyperaceae,Rhynchospora,Rhynchospora capillacea,horned beakrush,S1,G4G5,,,
Plant,Magnoliopsida,Poales,Cyperaceae,Rhynchospora,Rhynchospora gracilenta,slender beakrush,S1,G5,,,
Plant,Magnoliopsida,Poales,Cyperaceae,Rhynchospora,Rhynchospora inexpansa,nodding beakrush,S1,G5,,,
Plant,Magnoliopsida,Poales,Cyperaceae,Rhynchospora,Rhynchospora scirpoides,long-beaked baldrush,S1,G4,,,
Plant,Magnoliopsida,Poales,Cyperaceae,Schoenoplectus,Schoenoplectus hallii,Hall's bulrush,S1,G3,,,
Plant,Magnoliopsida,Poales,Cyperaceae,Scleria,Scleria muehlenbergii,Muehlenberg's nutrush,S1,G5,,,
Plant,Magnoliopsida,Poales,Cyperaceae,Scleria,Scleria verticillata,low nutrush,S1,G5,,,
Plant,Magnoliopsida,Poales,Eriocaulaceae,Eriocaulon,Eriocaulon decangulare,tenangle pipewort,S1,G5,,,
Plant,Magnoliopsida,Poales,Eriocaulaceae,Eriocaulon,Eriocaulon koernickianum,small-headed pipewort,S1,G2,,,
Plant,Magnoliopsida,Poales,Juncaceae,Juncus,Juncus balticus,baltic rush,S1,G5,,,
Plant,Magnoliopsida,Poales,Juncaceae,Juncus,Juncus debilis,weak rush,S1,G5,,,
Plant,Magnoliopsida,Poales,Juncaceae,Juncus,Juncus repens,creeping rush,S1,G5,,,
Plant,Magnoliopsida,Poales,Juncaceae,Juncus,Juncus texanus,Texas rush,S1,G5,,,
Plant,Magnoliopsida,Poales,Poaceae,Aristida,Aristida arizonica,Arizona three-awn grass,S1,G4,,,
Plant,Magnoliopsida,Poales,Poaceae,Aristida,Aristida lanosa,woollysheath three-awn,S1,G5,,,
Plant,Magnoliopsida,Poales,Poaceae,Axonopus,Axonopus fissifolius,southern carpet grass,S1,G5,,,
Plant,Magnoliopsida,Poales,Poaceae,Bouteloua,Bouteloua barbata var. barbata,six-weeks grama,S1,G5,,,
Plant,Magnoliopsida,Poales,Poaceae,Diarrhena,Diarrhena americana,American beakgrain,S1,G4G5,,,
Plant,Magnoliopsida,Poales,Poaceae,Dichanthelium,Dichanthelium ovale,eggleaf witchgrass,S1,G5,,,
Plant,Magnoliopsida,Poales,Poaceae,Festuca,Festuca versuta,Texas fescue,S1,G3,,,
Plant,Magnoliopsida,Poales,Poaceae,Glyceria,Glyceria acutiflora,creeping mannagrass,S1,G5,,,
Plant,Magnoliopsida,Poales,Poaceae,Hesperostipa,Hesperostipa neomexicana,New Mexico needlegrass,S1,G4G5,,,
Plant,Magnoliopsida,Poales,Poaceae,Hilaria,Hilaria jamesii,James' galleta,S1,G5,,,
Plant,Magnoliopsida,Poales,Poaceae,Hilaria,Hilaria mutica,tobosa,S1,G5,,,
Plant,Magnoliopsida,Poales,Poaceae,Limnodea,Limnodea arkansana,Ozark grass,S1,G4?,,,
Plant,Magnoliopsida,Poales,Poaceae,Muhlenbergia,Muhlenbergia bushii,Bush's muhly,S1,G5,,,
Plant,Magnoliopsida,Poales,Poaceae,Muhlenbergia,Muhlenbergia phleoides,common wolf's-tail,S1,G5,,,
Plant,Magnoliopsida,Poales,Poaceae,Muhlenbergia,Muhlenbergia porteri,Porter's muhly,S1,G5,,,
Plant,Magnoliopsida,Poales,Poaceae,Muhlenbergia,Muhlenbergia tenuiflora,slimflower muhly,S1,G5,,,
Plant,Magnoliopsida,Poales,Poaceae,Muhlenbergia,Muhlenbergia torreyi,ring muhly,S1,G4,,,
Plant,Magnoliopsida,Poales,Poaceae,Oplismenus,Oplismenus hirtellus,bristle basketgrass,S1,G5,,,
Plant,Magnoliopsida,Poales,Poaceae,Oplismenus,Oplismenus hirtellus ssp. setarius,shortleaf basketgrass,S1,G5T5,,,
Plant,Magnoliopsida,Poales,Poaceae,Paspalum,Paspalum bifidum,pitchfork crowngrass,S1,G5,,,
Plant,Magnoliopsida,Poales,Poaceae,Phanopyrum,Phanopyrum gymnocarpon,clustered panicgrass,S1,G5,,,
Plant,Magnoliopsida,Poales,Poaceae,Piptatherum,Piptatherum micranthum,little mountain ricegrass,S1,G5,,,
Plant,Magnoliopsida,Poales,Poaceae,Saccharum,Saccharum giganteum,sugarcane plumegrass,S1,G5,,,
Plant,Magnoliopsida,Poales,Poaceae,Sorghastrum,Sorghastrum elliottii,long-bristled Indiangrass,S1,G5,,,
Plant,Magnoliopsida,Poales,Poaceae,Sporobolus,Sporobolus silveanus,Silveus' dropseed,S1,G4,,,
Plant,Magnoliopsida,Poales,Typhaceae,Sparganium,Sparganium androcladum,branched burreed,S1,G4G5,,,
Plant,Magnoliopsida,Ranunculales,Papaveraceae,Argemone,Argemone squarrosa,hedgehog pricklypoppy,S1,G4,,,
Plant,Magnoliopsida,Ranunculales,Papaveraceae,Argemone,Argemone squarrosa ssp. squarrosa,hedgehog pricklypoppy,S1,G4TNR,,,
Plant,Magnoliopsida,Ranunculales,Ranunculaceae,Actaea,Actaea pachypoda,white baneberry,S1,G5,,,
Plant,Magnoliopsida,Ranunculales,Ranunculaceae,Clematis,Clematis catesbyana,satincurls,S1,G4G5,,,
Plant,Magnoliopsida,Ranunculales,Ranunculaceae,Clematis,Clematis crispa,blue jasmine leatherflower,S1,G5,,,
Plant,Magnoliopsida,Ranunculales,Ranunculaceae,Clematis,Clematis drummondii,Drummond leatherflower,S1,G5,,,
Plant,Magnoliopsida,Ranunculales,Ranunculaceae,Clematis,Clematis glaucophylla,whiteleaf leather flower,S1,G4?,,,
Plant,Magnoliopsida,Ranunculales,Ranunculaceae,Clematis,Clematis hirsutissima,hairy clematis,S1,G4,,,
Plant,Magnoliopsida,Ranunculales,Ranunculaceae,Clematis,Clematis hirsutissima var. scottii,Scott's clematis,S1,G4T4,,,
Plant,Magnoliopsida,Ranunculales,Ranunculaceae,Clematis,Clematis viorna,vasevine ,S1,G5,,,
Plant,Magnoliopsida,Ranunculales,Ranunculaceae,Clematis,Clematis virginiana,Virginia virgin-bower,S1,G5,,,
Plant,Magnoliopsida,Rosales,Moraceae,Morus,Morus microphylla,Texas mulberry,S1,G5?,,,
Plant,Magnoliopsida,Rosales,Rhamnaceae,Rhamnus,Rhamnus lanceolata,lanceleaf buckthorn,S1,G5,,,
Plant,Magnoliopsida,Rosales,Rhamnaceae,Rhamnus,Rhamnus lanceolata ssp. glabrata,lance-leaved buckthorn,S1,G5T4T5,,,
Plant,Magnoliopsida,Rosales,Rosaceae,Aronia,Aronia arbutifolia,red chokeberry,S1,G5,,,
Plant,Magnoliopsida,Rosales,Rosaceae,Aruncus,Aruncus dioicus,bride's feathers,S1,G5,,,
Plant,Magnoliopsida,Rosales,Rosaceae,Aruncus,Aruncus dioicus var. pubescens,bride's feathers,S1,G5TNR,,,
Plant,Magnoliopsida,Rosales,Rosaceae,Cercocarpus,Cercocarpus montanus,Colorado birch-leaved mountain mahogany,S1,G5,,,
Plant,Magnoliopsida,Rosales,Rosaceae,Drymocallis,Drymocallis arguta,tall cinquefoil,S1,G5,,,
Plant,Magnoliopsida,Rosales,Rosaceae,Malus,Malus ioensis,prairie crabapple,S1,G4G5,,,
Plant,Magnoliopsida,Rosales,Rosaceae,Physocarpus,Physocarpus intermedius,eastern ninebark,S1,G5T3T5,,,
Plant,Magnoliopsida,Rosales,Rosaceae,Physocarpus,Physocarpus monogynus,mountain ninebark,S1,G4,,,
Plant,Magnoliopsida,Rosales,Rosaceae,Potentilla,Potentilla rivalis,brook cinquefoil,S1,G5,,,
Plant,Magnoliopsida,Rosales,Rosaceae,Rosa,Rosa woodsii,Woods' rose,S1,G5,,,
Plant,Magnoliopsida,Rosales,Rosaceae,Rosa,Rosa woodsii ssp. woodsii,Woods' rose,S1,G5T5,,,
Plant,Magnoliopsida,Rosales,Rosaceae,Rubus,Rubus deliciosus,delicious blackberry,S1,G4?,,,
Plant,Magnoliopsida,Rosales,Ulmaceae,Ulmus,Ulmus serotina,september elm,S1,G4,,,
Plant,Magnoliopsida,Sapindales,Anacardiaceae,Rhus,Rhus microphylla,littleleaf sumac,S1,G4G5,,,
Plant,Magnoliopsida,Saxifragales,Crassulaceae,Crassula,Crassula aquatica,water pygmyweed,S1,G5,,,
Plant,Magnoliopsida,Saxifragales,Grossulariaceae,Ribes,Ribes cereum,wax currant,S1,G5,,,
Plant,Magnoliopsida,Saxifragales,Grossulariaceae,Ribes,Ribes cereum var. cereum,wax currant,S1,G5T5,,,
Plant,Magnoliopsida,Saxifragales,Grossulariaceae,Ribes,Ribes curvatum,granite gooseberry,S1,G4,,,
Plant,Magnoliopsida,Saxifragales,Grossulariaceae,Ribes,Ribes missouriense,missouri gooseberry,S1,G5,,,
Plant,Magnoliopsida,Saxifragales,Iteaceae,Itea,Itea virginica,Virginia willow,S1,G4,,,
Plant,Magnoliopsida,Solanales,Convolvulaceae,Cressa,Cressa truxillensis,spreading alkali-weed,S1,G5,,,
Plant,Magnoliopsida,Solanales,Convolvulaceae,Cuscuta,Cuscuta umbellata,flatglobe dodder,S1,G5,,,
Plant,Magnoliopsida,Solanales,Convolvulaceae,Evolvulus,Evolvulus sericeus,silver dwarf morning-glory,S1,G5,,,
Plant,Magnoliopsida,Solanales,Convolvulaceae,Evolvulus,Evolvulus sericeus var. sericeus,creeping morning glory,S1,G5T3T5,,,
Plant,Magnoliopsida,Solanales,Convolvulaceae,Stylisma,Stylisma pickeringii,Pickering's dawnflower,S1,G4,,,
Plant,Magnoliopsida,Solanales,Convolvulaceae,Stylisma,Stylisma pickeringii var. pattersonii,Patterson's bindweed,S1,G4T4,,,
Plant,Magnoliopsida,Solanales,Solanaceae,Solanum,Solanum triflorum,cutleaf nightshade,S1,G5,,,
Plant,Pinopsida,Pinales,Pinaceae,Pinus,Pinus edulis,two-needle pinyon pine,S1,G5,,,
Plant,Pinopsida,Pinales,Pinaceae,Pinus,Pinus ponderosa,ponderosa pine,S1,G5,,,
Plant,Pinopsida,Pinales,Pinaceae,Pinus,Pinus ponderosa var. scopulorum,interior ponderosa pine,S1,G5T5,,,
Plant,Polypodiopsida,Equisetales,Equisetaceae,Equisetum,Equisetum arvense,field horsetail,S1,G5,,,
Plant,Polypodiopsida,Ophioglossales,Ophioglossaceae,Botrychium,Botrychium lunarioides,winter grapefern,S1,G4?,,,
Plant,Polypodiopsida,Polypodiales,Aspleniaceae,Asplenium,Asplenium bradleyi,Bradley's spleenwort,S1,G4,,,
Plant,Polypodiopsida,Polypodiales,Aspleniaceae,Asplenium,Asplenium pinnatifidum,lobed spleenwort,S1,G4,,,
Plant,Polypodiopsida,Polypodiales,Aspleniaceae,Asplenium,Asplenium septentrionale,northern spleenwort,S1,G5,,,
Plant,Polypodiopsida,Polypodiales,Pteridaceae,Astrolepis,Astrolepis integerrima,hybrid cloakfern,S1,G5,,,
Plant,Polypodiopsida,Polypodiales,Pteridaceae,Cheilanthes,Cheilanthes alabamensis,Alabama lipfern,S1,G4G5,,,
Plant,Polypodiopsida,Polypodiales,Pteridaceae,Cheilanthes,Cheilanthes lindheimeri,Lindheimer's lipfern,S1,G4G5,,,
Plant,Polypodiopsida,Polypodiales,Pteridaceae,Cheilanthes,Cheilanthes wootonii,Wooton's lacefern,S1,G5,,,
Plant,Polypodiopsida,Polypodiales,Pteridaceae,Pellaea,Pellaea wrightiana,Wright's cliffbrake,S1,G5,,,
Plant,Polypodiopsida,Polypodiales,Woodsiaceae,Woodsia,Woodsia oregana,Oregon cliff fern,S1,G5,,,
Plant,Polypodiopsida,Polypodiales,Woodsiaceae,Woodsia,Woodsia oregana ssp. cathcartiana,Oregon woodsia,S1,G5T5,,,
Plant,Polypodiopsida,Salviniales,Marsileaceae,Pilularia,Pilularia americana,American pillwort,S1,G5,,,
Plant,Gnetopsida,Ephedrales,Ephedraceae,Ephedra,Ephedra antisyphilitica,mormon tea,S2,G3G4,,,
Plant,Lycopodiopsida,Isoetales,Isoetaceae,Isoetes,Isoetes melanopoda,blackfoot quillwort,S2,G5,,,
Plant,Lycopodiopsida,Selaginellales,Selaginellaceae,Selaginella,Selaginella arenicola,sand spikemoss,S2,G4,,,
Plant,Lycopodiopsida,Selaginellales,Selaginellaceae,Selaginella,Selaginella arenicola ssp. riddellii,Riddell's spikemoss,S2,G4T4,,,
Plant,Magnoliopsida,Alismatales,Alismataceae,Alisma,Alisma triviale,northern water-plantain,S2,G5,,,
Plant,Magnoliopsida,Alismatales,Alismataceae,Sagittaria,Sagittaria ambigua,Kansas arrowhead,S2,G2,,,
Plant,Magnoliopsida,Alismatales,Alismataceae,Sagittaria,Sagittaria cuneata,wapatum arrowhead,S2,G5,,,
Plant,Magnoliopsida,Apiales,Apiaceae,Berula,Berula erecta,wild parsnip,S2,G4G5,,,
Plant,Magnoliopsida,Apiales,Apiaceae,Eryngium,Eryngium integrifolium,blue-flower coyotethistle,S2,G5,,,
Plant,Magnoliopsida,Apiales,Araliaceae,Aralia,Aralia spinosa,hercules club,S2,G5,,,
Plant,Magnoliopsida,Arecales,Arecaceae,Sabal,Sabal minor,dwarf palmetto,S2,G5,,,
Plant,Magnoliopsida,Asparagales,Amaryllidaceae,Hymenocallis,Hymenocallis liriosme,Texas spiderlily,S2,G4?,,,
Plant,Magnoliopsida,Asparagales,Orchidaceae,Calopogon,Calopogon oklahomensis,Oklahoma grass pink,S2,G2,,,
Plant,Magnoliopsida,Asparagales,Orchidaceae,Epipactis,Epipactis gigantea,giant helleborine,S2,G4,,,
Plant,Magnoliopsida,Asparagales,Orchidaceae,Gymnadeniopsis,Gymnadeniopsis clavellata,small green woodland orchid,S2,G5,,,
Plant,Magnoliopsida,Asparagales,Orchidaceae,Tipularia,Tipularia discolor,cranefly orchid,S2,G4G5,,,
Plant,Magnoliopsida,Asterales,Asteraceae,Artemisia,Artemisia carruthii,larruth sagebrush,S2,G4?,,,
Plant,Magnoliopsida,Asterales,Asteraceae,Echinacea,Echinacea atrorubens,Topeka purple coneflower,S2,G3,,,
Plant,Magnoliopsida,Asterales,Asteraceae,Ericameria,Ericameria nauseosa,rubber rabbitbrush,S2,G5,,,
Plant,Magnoliopsida,Asterales,Asteraceae,Ericameria,Ericameria nauseosa var. graveolens,heavy gray rabbitbrush,S2,G5T5,,,
Plant,Magnoliopsida,Asterales,Asteraceae,Ericameria,Ericameria nauseosa var. nauseosa,rubber rabbitbrush,S2,G5T5,,,
Plant,Magnoliopsida,Asterales,Asteraceae,Helianthus,Helianthus salicifolius,willowleaf sunflower,S2,G4,,,
Plant,Magnoliopsida,Asterales,Asteraceae,Liatris,Liatris scariosa var. nieuwlandii,Nieuwland's blazing star,S2,G5,,,
Plant,Magnoliopsida,Asterales,Asteraceae,Liatris,Liatris squarrulosa,appalachian blazing star,S2,G4G5,,,
Plant,Magnoliopsida,Asterales,Asteraceae,Prenanthes,Prenanthes aspera,rough rattlesnakeroot,S2,G4?,,,
Plant,Magnoliopsida,Asterales,Asteraceae,Rayjacksonia,Rayjacksonia annua,viscid tansyaster,S2,G4G5,,,
Plant,Magnoliopsida,Asterales,Asteraceae,Rudbeckia,Rudbeckia missouriensis,missouri orange coneflower,S2,G4G5,,,
Plant,Magnoliopsida,Asterales,Asteraceae,Solidago,Solidago ouachitensis,ouachita mountain goldenrod,S2,G3,,,
Plant,Magnoliopsida,Asterales,Asteraceae,Vernonia,Vernonia missurica,missouri ironweed,S2,G4G5,,,
Plant,Magnoliopsida,Asteranae,Balsaminaceae,Impatiens,Impatiens pallida,pale jewel-weed,S2,G5,,,
Plant,Magnoliopsida,Boraginales,Boraginaceae,Cryptantha,Cryptantha cinerea var. jamesii,James' cat's-eye,S2,G5T5?,,,
Plant,Magnoliopsida,Boraginales,Boraginaceae,Cryptantha,Cryptantha thyrsiflora,creeted cat's-eye,S2,G4,,,
Plant,Magnoliopsida,Brassicales,Brassicaceae,Iodanthus,Iodanthus pinnatifidus,purple rocket,S2,G5,,,
Plant,Magnoliopsida,Brassicales,Brassicaceae,Leavenworthia,Leavenworthia aurea,golden gladecress,S2,G2,,,
Plant,Magnoliopsida,Brassicales,Brassicaceae,Streptanthus,Streptanthus maculatus,clasping jewelflower,S2,G3,,,
Plant,Magnoliopsida,Brassicales,Brassicaceae,Streptanthus,Streptanthus squamiformis,pine-oak jewelflower,S2,G2,,,
Plant,Magnoliopsida,Caryophyllales,Cactaceae,Opuntia,Opuntia polyacantha,plains pricklypear,S2,G5,,,
Plant,Magnoliopsida,Caryophyllales,Cactaceae,Opuntia,Opuntia polyacantha var. polyacantha,starvation cactus,S2,G5T5,,,
Plant,Magnoliopsida,Caryophyllales,Caryophyllaceae,Geocarpon,Geocarpon minimum,Tiny Tim,S2,G2,Listed Threatened,,
Plant,Magnoliopsida,Caryophyllales,Caryophyllaceae,Paronychia,Paronychia fastigiata,hairy forked nailwort,S2,G5,,,
Plant,Magnoliopsida,Caryophyllales,Caryophyllaceae,Paronychia,Paronychia fastigiata var. fastigiata,cluster-stemmed nailwort,S2,G5T5,,,
Plant,Magnoliopsida,Caryophyllales,Nyctaginaceae,Abronia,Abronia fragrans,fragrant white sand verbena,S2,G5,,,
Plant,Magnoliopsida,Caryophyllales,Nyctaginaceae,Boerhavia,Boerhavia erecta,erect spiderling,S2,G5,,,
Plant,Magnoliopsida,Commelinales,Commelinaceae,Tradescantia,Tradescantia ernestiana,Ernest's spiderwort,S2,G3G4Q,,,
Plant,Magnoliopsida,Commelinales,Commelinaceae,Tradescantia,Tradescantia ozarkana,ozark spiderwort,S2,G3,,,
Plant,Magnoliopsida,Commelinales,Pontederiaceae,Pontederia,Pontederia cordata,pickerelweed,S2,G5,,,
Plant,Magnoliopsida,Cornales,Cornaceae,Cornus,Cornus foemina,stiff dogwood,S2,G5,,,
Plant,Magnoliopsida,Dipsacales,Valerianaceae,Valerianella,Valerianella longiflora,long-flower cornsalad,S2,GNR,,,
Plant,Magnoliopsida,Dipsacales,Valerianaceae,Valerianella,Valerianella nuttallii,Nuttall's cornsalad,S2,G3,,,
Plant,Magnoliopsida,Dipsacales,Valerianaceae,Valerianella,Valerianella palmeri,Palmer's cornsalad,S2,G3,,,
Plant,Magnoliopsida,Ericales,Ericaceae,Monotropa,Monotropa uniflora,indianpipe,S2,G5,,,
Plant,Magnoliopsida,Ericales,Ericaceae,Rhododendron,Rhododendron canescens,hoary azalea,S2,G5,,,
Plant,Magnoliopsida,Ericales,Ericaceae,Vaccinium,Vaccinium corymbosum,highbush blueberry,S2,G5,,,
Plant,Magnoliopsida,Ericales,Polemoniaceae,Phlox,Phlox oklahomensis,Oklahoma phlox,S2,G3,,,
Plant,Magnoliopsida,Ericales,Primulaceae,Hottonia,Hottonia inflata,featherfoil,S2,G4,,,
Plant,Magnoliopsida,Ericales,Styracaceae,Halesia,Halesia carolina,Carolina silverbell,S2,G4G5,,,
Plant,Magnoliopsida,Fabales,Fabaceae,Amorpha,Amorpha laevigata,smooth indigobush,S2,G3?,,,
Plant,Magnoliopsida,Fabales,Fabaceae,Amorpha,Amorpha nitens,shining false indigo,S2,G3,,,
Plant,Magnoliopsida,Fabales,Fabaceae,Amorpha,Amorpha ouachitensis,ouachita leadplant,S2,G3Q,,,
Plant,Magnoliopsida,Fabales,Fabaceae,Dalea,Dalea formosa,feather-plume dalea,S2,G5,,,
Plant,Magnoliopsida,Fabales,Fabaceae,Dalea,Dalea frutescens,black dalea,S2,G5,,,
Plant,Magnoliopsida,Fabales,Fabaceae,Desmanthus,Desmanthus cooleyi,Cooley's mimosa,S2,G5,,,
Plant,Magnoliopsida,Fabales,Fabaceae,Desmodium,Desmodium tweedyi,Tweedy's ticktrefoil,S2,G3,,,
Plant,Magnoliopsida,Fabales,Fabaceae,Hoffmannseggia,Hoffmannseggia drepanocarpa,sickle-pod rushpea,S2,G5,,,
Plant,Magnoliopsida,Fabales,Fabaceae,Pediomelum,Pediomelum reverchonii,rock scurfpea,S2,G3,,,
Plant,Magnoliopsida,Fabales,Fabaceae,Pediomelum,Pediomelum rhombifolium,roundleaf scurfpea,S2,G5,,,
Plant,Magnoliopsida,Fabales,Fabaceae,Trifolium,Trifolium reflexum,buffalo clover,S2,G3G4,,,
Plant,Magnoliopsida,Fabales,Polygalaceae,Polygala,Polygala polygama,racemed milkwort,S2,G5,,,
Plant,Magnoliopsida,Fagales,Betulaceae,Alnus,Alnus maritima,seaside alder,S2,G3,,,
Plant,Magnoliopsida,Fagales,Betulaceae,Corylus,Corylus americana,American hazelnut,S2,G5,,,
Plant,Magnoliopsida,Fagales,Fagaceae,Castanea,Castanea ozarkensis,Ozark chinkapin,S2,G5T3,,,
Plant,Magnoliopsida,Fagales,Fagaceae,Castanea,Castanea pumila,allegheny chinkapin,S2,G5,,,
Plant,Magnoliopsida,Fagales,Fagaceae,Quercus,Quercus durandii,durand oak,S2,G4G5,,,
Plant,Magnoliopsida,Fagales,Fagaceae,Quercus,Quercus durandii var. breviloba,Bigelow's oak,S2,G4G5T4T5,,,
Plant,Magnoliopsida,Fagales,Fagaceae,Quercus,Quercus durandii var. durandii,bastard oak,S2,G4G5,,,
Plant,Magnoliopsida,Fagales,Fagaceae,Quercus,Quercus incana,bluejack oak,S2,G5,,,
Plant,Magnoliopsida,Fagales,Fagaceae,Quercus,Quercus pagoda,cherrybark oak,S2,G5,,,
Plant,Magnoliopsida,Fagales,Fagaceae,Quercus,Quercus texana,nuttall oak,S2,G4G5,,,
Plant,Magnoliopsida,Gentianales,Apocynaceae,Amsonia,Amsonia hubrichtii,Hubricht's slimpod,S2,G3,,,
Plant,Magnoliopsida,Gentianales,Apocynaceae,Matelea,Matelea baldwyniana,Baldwin's milkvine,S2,G3,,,
Plant,Magnoliopsida,Gentianales,Rubiaceae,Galium,Galium arkansanum,Arkansas bedstraw,S2,G5,,,
Plant,Magnoliopsida,Geraniales,Geraniaceae,Geranium,Geranium texanum,Texas Crane's bill,S2,G4,,,
Plant,Magnoliopsida,Lamiales,Acanthaceae,Justicia,Justicia ovata,loose-flower water-willow,S2,G5,,,
Plant,Magnoliopsida,Lamiales,Acanthaceae,Justicia,Justicia ovata var. lanceolata,loose-flower water-willow,S2,G5T4T5,,,
Plant,Magnoliopsida,Lamiales,Lamiaceae,Hedeoma,Hedeoma pulegioides,American pennyroyal,S2,G5,,,
Plant,Magnoliopsida,Lamiales,Lamiaceae,Monarda,Monarda stipitatoglandulosa,ouachita white beebalm,S2,G5T4,,,
Plant,Magnoliopsida,Lamiales,Lamiaceae,Physostegia,Physostegia intermedia,false dragonhead,S2,G5,,,
Plant,Magnoliopsida,Lamiales,Lamiaceae,Scutellaria,Scutellaria cardiophylla,heart-leaf skullcap,S2,G4?,,,
Plant,Magnoliopsida,Lamiales,Lamiaceae,Scutellaria,Scutellaria incana,hoary skullcap,S2,G5,,,
Plant,Magnoliopsida,Lamiales,Lamiaceae,Scutellaria,Scutellaria incana var. incana,hoary skullcap,S2,G5T5,,,
Plant,Magnoliopsida,Lamiales,Lamiaceae,Stachys,Stachys eplingii,Epling's hedgenettle,S2,G5,,,
Plant,Magnoliopsida,Lamiales,Oleaceae,Forestiera,Forestiera acuminata,swamp privet,S2,G5,,,
Plant,Magnoliopsida,Lamiales,Orobanchaceae,Agalinis,Agalinis densiflora,osage plains false foxglove,S2,G3,,,
Plant,Magnoliopsida,Lamiales,Orobanchaceae,Agalinis,Agalinis tenuifolia,slender false foxglove,S2,G5,,,
Plant,Magnoliopsida,Lamiales,Orobanchaceae,Orobanche,Orobanche uniflora,oneflowered broomrape,S2,G5,,,
Plant,Magnoliopsida,Lamiales,Phrymaceae,Mimulus,Mimulus glabratus,roundleaf monkeyflower,S2,G5,,,
Plant,Magnoliopsida,Lamiales,Plantaginaceae,Penstemon,Penstemon angustifolius,broadbeard beardtongue,S2,G5,,,
Plant,Magnoliopsida,Lamiales,Plantaginaceae,Penstemon,Penstemon angustifolius var. caudatus,narrowleaf beardtongue,S2,G5T4?,,,
Plant,Magnoliopsida,Lamiales,Plantaginaceae,Plantago,Plantago heterophylla,slender plantain,S2,G5,,,
Plant,Magnoliopsida,Liliales,Colchicaceae,Uvularia,Uvularia grandiflora,largeflower bellwort,S2,G5,,,
Plant,Magnoliopsida,Liliales,Smilacaceae,Smilax,Smilax lasioneura,blue ridge carrionflower,S2,G5,,,
Plant,Magnoliopsida,Liliales,Smilacaceae,Smilax,Smilax smallii,Small's greenbrier,S2,G5,,,
Plant,Magnoliopsida,Malpighiales,Euphorbiaceae,Euphorbia,Euphorbia longicruris,wedgeleaf spurge,S2,G4G5,,,
Plant,Magnoliopsida,Malpighiales,Euphorbiaceae,Euphorbia,Euphorbia ouachitana,ouachita spurge,S2,GNR,,,
Plant,Magnoliopsida,Malpighiales,Hypericaceae,Triadenum,Triadenum tubulosum,large marsh St. John's wort,S2,G4?,,,
Plant,Magnoliopsida,Malpighiales,Hypericaceae,Triadenum,Triadenum walteri,greater marsh St. John's wort,S2,G5,,,
Plant,Magnoliopsida,Malpighiales,Podostemaceae,Podostemum,Podostemum ceratophyllum,threadfoot,S2,G5,,,
Plant,Magnoliopsida,Malvales,Malvaceae,Callirhoe,Callirhoe bushii,Bush's poppymallow,S2,G3,,,
Plant,Magnoliopsida,Malvales,Malvaceae,Sphaeralcea,Sphaeralcea angustifolia,narrlowleaf globemallow,S2,G5,,,
Plant,Magnoliopsida,Myrtales,Onagraceae,Oenothera,Oenothera canescens,spotted evening primrose,S2,G4G5,,,
Plant,Magnoliopsida,Myrtales,Onagraceae,Oenothera,Oenothera pallida ssp. latifolia,mountain evening-primrose,S2,GNR,,,
Plant,Magnoliopsida,Myrtales,Onagraceae,Oenothera,Oenothera triangulata,prairie butterflyweed,S2,G3G4,,,
Plant,Magnoliopsida,Piperales,Aristolochiaceae,Aristolochia,Aristolochia reticulata,Texas Dutchman's pipe,S2,G4,,,
Plant,Magnoliopsida,Poales,Cyperaceae,Carex,Carex hyalina,tissue sedge,S2,G4,,,
Plant,Magnoliopsida,Poales,Cyperaceae,Carex,Carex oklahomensis,Oklahoma sedge,S2,G4,,,
Plant,Magnoliopsida,Poales,Cyperaceae,Carex,Carex ouachitana,ouachita sedge,S2,G4,,,
Plant,Magnoliopsida,Poales,Cyperaceae,Carex,Carex oxylepis,sharpscale sedge,S2,G5?,,,
Plant,Magnoliopsida,Poales,Cyperaceae,Carex,Carex planostachys,cedar sedge,S2,G5,,,
Plant,Magnoliopsida,Poales,Cyperaceae,Cyperus,Cyperus plukenetii,Plukenet's flatsedge,S2,G5,,,
Plant,Magnoliopsida,Poales,Cyperaceae,Dulichium,Dulichium arundinaceum,threeway sedge,S2,G5,,,
Plant,Magnoliopsida,Poales,Cyperaceae,Dulichium,Dulichium arundinaceum var. arundinaceum,three-way sedge,S2,G5T5,,,
Plant,Magnoliopsida,Poales,Cyperaceae,Eleocharis,Eleocharis geniculata,Canada spikesedge,S2,G5,,,
Plant,Magnoliopsida,Poales,Cyperaceae,Eleocharis,Eleocharis radicans,rooted spikerush,S2,G5,,,
Plant,Magnoliopsida,Poales,Cyperaceae,Schoenoplectus,Schoenoplectus saximontanus,rocky mountain bulrush,S2,G5,,,
Plant,Magnoliopsida,Poales,Juncaceae,Juncus,Juncus filipendulus,plains rush,S2,G5,,,
Plant,Magnoliopsida,Poales,Poaceae,Avenella,Avenella flexuosa,crinkled hairgrass,S2,G5,,,
Plant,Magnoliopsida,Poales,Poaceae,Bouteloua,Bouteloua eriopoda,black gramma,S2,G5,,,
Plant,Magnoliopsida,Poales,Poaceae,Calamovilfa,Calamovilfa arcuata,rivergrass,S2,G2,,,
Plant,Magnoliopsida,Poales,Poaceae,Glyceria,Glyceria septentrionalis var. arkansana,Arkansas mannagrass,S2,G5,,,
Plant,Magnoliopsida,Poales,Poaceae,Hesperostipa,Hesperostipa comata ssp. comata,needle-and-thread,S2,G5T5,,,
Plant,Magnoliopsida,Poales,Poaceae,Muhlenbergia,Muhlenbergia reverchonii,seep muhly,S2,G4,,,
Plant,Magnoliopsida,Poales,Poaceae,Panicum,Panicum brachyanthum,prairie panicgrass,S2,G5,,,
Plant,Magnoliopsida,Poales,Poaceae,Piptochaetium,Piptochaetium avenaceum,blackseed needlegrass,S2,G5,,,
Plant,Magnoliopsida,Poales,Poaceae,Sphenopholis,Sphenopholis interrupta,southern oats,S2,G4,,,
Plant,Magnoliopsida,Poales,Poaceae,Sporobolus,Sporobolus giganteus,giant dropseed,S2,G5,,,
Plant,Magnoliopsida,Poales,Poaceae,Sporobolus,Sporobolus heterolepis,northern dropseed,S2,G5,,,
Plant,Magnoliopsida,Ranunculales,Menispermaceae,Calycocarpum,Calycocarpum lyonii,cupseed,S2,G5,,,
Plant,Magnoliopsida,Ranunculales,Papaveraceae,Dicentra,Dicentra cucullaria,dutchman's breeches,S2,G5,,,
Plant,Magnoliopsida,Ranunculales,Ranunculaceae,Thalictrum,Thalictrum arkansanum,Arkansas meadowrue,S2,G2,,,
Plant,Magnoliopsida,Ranunculales,Ranunculaceae,Thalictrum,Thalictrum revolutum,waxyleaf meadow-rue,S2,G5,,,
Plant,Magnoliopsida,Rosales,Rosaceae,Poteridium,Poteridium annuum,prairie burnet,S2,G4,,,
Plant,Magnoliopsida,Rosales,Ulmaceae,Planera,Planera aquatica,planertree,S2,G5,,,
Plant,Magnoliopsida,Sapindales,Anacardiaceae,Cotinus,Cotinus obovatus,American smoketree,S2,G4,,,
Plant,Magnoliopsida,Sapindales,Sapindaceae,Aesculus,Aesculus pavia,red buckeye,S2,G5,,,
Plant,Magnoliopsida,Sapindales,Sapindaceae,Aesculus,Aesculus pavia var. pavia,red buckeye,S2,G5T5,,,
Plant,Magnoliopsida,Saxifragales,Grossulariaceae,Ribes,Ribes cynosbati,prickly gooseberry,S2,G5,,,
Plant,Magnoliopsida,Saxifragales,Hamamelidaceae,Hamamelis,Hamamelis virginiana,American witchhazel,S2,G5,,,
Plant,Magnoliopsida,Solanales,Convolvulaceae,Cuscuta,Cuscuta indecora var. attenuata,waterfall's tapertip dodder,S2,G2,,,
Plant,Magnoliopsida,Solanales,Convolvulaceae,Ipomoea,Ipomoea shumardiana,narrowleaf morning glory,S2,G2,,,
Plant,Magnoliopsida,Vitales,Vitaceae,Vitis,Vitis mustangensis,mustang grape,S2,G4?,,,
Plant,Magnoliopsida,Vitales,Vitaceae,Vitis,Vitis rupestris,rock grape,S2,G3,,,
Plant,Pinopsida,Pinales,Cupressaceae,Juniperus,Juniperus scopulorum,rocky mountain juniper,S2,G5,,,
Plant,Pinopsida,Pinales,Cupressaceae,Taxodium,Taxodium distichum,bald cypress,S2,G5,,,
Plant,Polypodiopsida,Ophioglossales,Ophioglossaceae,Ophioglossum,Ophioglossum vulgatum,southern adderstongue,S2,G5,,,
Plant,Polypodiopsida,Polypodiales,Pteridaceae,Argyrochosma,Argyrochosma dealbata,powdery false cloak fern,S2,G4G5,,,
Plant,Magnoliopsida,Aquifoliales,Aquifoliaceae,Ilex,Ilex vomitoria,yaupon holly,S3,G5,,,
Plant,Magnoliopsida,Asparagales,Asparagaceae,Maianthemum,Maianthemum racemosum,false Solomon's seal,S3,G5,,,
Plant,Magnoliopsida,Asparagales,Asparagaceae,Maianthemum,Maianthemum racemosum ssp. racemosum,Solomon's plume,S3,G5T5,,,
Plant,Magnoliopsida,Asparagales,Iridaceae,Iris,Iris cristata,crested dwarf iris,S3,G5,,,
Plant,Magnoliopsida,Asterales,Asteraceae,Baccharis,Baccharis texana,prairie baccharis,S3,G5,,,
Plant,Magnoliopsida,Asterales,Asteraceae,Baccharis,Baccharis wrightii,Wright's baccharis,S3,G4?,,,
Plant,Magnoliopsida,Asterales,Asteraceae,Symphyotrichum,Symphyotrichum dumosum,rice button aster,S3,G5,,,
Plant,Magnoliopsida,Asterales,Asteraceae,Symphyotrichum,Symphyotrichum dumosum var. dumosum,rice button aster,S3,G5T3T5,,,
Plant,Magnoliopsida,Asterales,Asteraceae,Vernonia,Vernonia lettermannii,narrowleaf ironweed,S3,G3,,,
Plant,Magnoliopsida,Brassicales,Brassicaceae,Physaria,Physaria angustifolia,threadleaf bladderpod,S3,G3,,,
Plant,Magnoliopsida,Brassicales,Cleomaceae,Cleomella,Cleomella angustifolia,northern rhombopod,S3,G5,,,
Plant,Magnoliopsida,Caryophyllales,Cactaceae,Cylindropuntia,Cylindropuntia imbricata,tree cholla,S3,G5,,,
Plant,Magnoliopsida,Caryophyllales,Cactaceae,Cylindropuntia,Cylindropuntia imbricata var. imbricata,tree cholla,S3,G5T4T5,,,
Plant,Magnoliopsida,Caryophyllales,Caryophyllaceae,Minuartia,Minuartia muscorum,moss starwort,S3,GNR,,,
Plant,Magnoliopsida,Caryophyllales,Nyctaginaceae,Mirabilis,Mirabilis glabra,smooth four-o'clock,S3,G5,,,
Plant,Magnoliopsida,Caryophyllales,Polygonaceae,Eriogonum,Eriogonum alatum,winged buckwheat,S3,G5,,,
Plant,Magnoliopsida,Caryophyllales,Polygonaceae,Eriogonum,Eriogonum alatum var. glabriusculum,winged buckwheat,S3,G5T4?,,,
Plant,Magnoliopsida,Caryophyllales,Polygonaceae,Rumex,Rumex verticillatus,swamp dock,S3,G5,,,
Plant,Magnoliopsida,Dipsacales,Caprifoliaceae,Triosteum,Triosteum perfoliatum,feverwort,S3,G5,,,
Plant,Magnoliopsida,Ericales,Ericaceae,Rhododendron,Rhododendron prinophyllum,early azalea,S3,G5,,,
Plant,Magnoliopsida,Fabales,Fabaceae,Baptisia,Baptisia nuttalliana,Nuttall's wild indigo,S3,G5,,,
Plant,Magnoliopsida,Fabales,Fabaceae,Desmodium,Desmodium illinoense,illinois ticktrefoil,S3,G5,,,
Plant,Magnoliopsida,Fabales,Fabaceae,Pediomelum,Pediomelum esculentum,large indian breadroot,S3,G5,,,
Plant,Magnoliopsida,Fabales,Fabaceae,Senna,Senna obtusifolia,blunt-leaf senna,S3,G5,,,
Plant,Magnoliopsida,Fabales,Fabaceae,Styphnolobium,Styphnolobium affine,Eve's necklacepod,S3,G4,,,
Plant,Magnoliopsida,Gentianales,Rubiaceae,Houstonia,Houstonia ouachitana,ouachita bluet,S3,G3,,,
Plant,Magnoliopsida,Lamiales,Lamiaceae,Monarda,Monarda pectinata,plains lemon beebalm,S3,G5,,,
Plant,Magnoliopsida,Lamiales,Lamiaceae,Scutellaria,Scutellaria elliptica,hairy skullcap,S3,G5,,,
Plant,Magnoliopsida,Lamiales,Lamiaceae,Scutellaria,Scutellaria elliptica var. elliptica,hairy skullcap,S3,G5T5,,,
Plant,Magnoliopsida,Lamiales,Oleaceae,Chionanthus,Chionanthus virginicus,fringe tree,S3,G5,,,
Plant,Magnoliopsida,Lamiales,Orobanchaceae,Dasistoma,Dasistoma macrophylla,mullein foxglove,S3,G4,,,
Plant,Magnoliopsida,Lamiales,Plantaginaceae,Penstemon,Penstemon fendleri,Fendler's penstemon,S3,G5,,,
Plant,Magnoliopsida,Lamiales,Plantaginaceae,Penstemon,Penstemon oklahomensis,Oklahoma beardtongue,S3,G3,,,
Plant,Magnoliopsida,Lamiales,Plantaginaceae,Plantago,Plantago elongata,prairie plantain,S3,G4,,,
Plant,Magnoliopsida,Lamiales,Plantaginaceae,Plantago,Plantago elongata ssp. elongata,slender plantain,S3,G4T4,,,
Plant,Magnoliopsida,Malpighiales,Elatinaceae,Bergia,Bergia texana,Texas bergia,S3,G5,,,
Plant,Magnoliopsida,Malvales,Malvaceae,Tilia,Tilia americana,American basswood,S3,G5,,,
Plant,Magnoliopsida,Malvales,Malvaceae,Tilia,Tilia americana var. americana,American basswood,S3,G5T5,,,
Plant,Magnoliopsida,Malvales,Malvaceae,Tilia,Tilia americana var. caroliniana,Carolina broomwood,S3,G5T5,,,
Plant,Magnoliopsida,Myrtales,Onagraceae,Oenothera,Oenothera macrocarpa ssp. incana,bigfruit evening primrose,S3,G5T3?,,,
Plant,Magnoliopsida,Myrtales,Onagraceae,Oenothera,Oenothera macrocarpa ssp. oklahomensis,Oklahoma evening-primrose,S3,G5T3?,,,
Plant,Magnoliopsida,Poales,Cyperaceae,Carex,Carex fissa,hammock sedge,S3,G4?,,,
Plant,Magnoliopsida,Poales,Cyperaceae,Carex,Carex latebracteata,Waterfall's sedge,S3,G3,,,
Plant,Magnoliopsida,Poales,Poaceae,Brachyelytrum,Brachyelytrum erectum,bearded shorthusk,S3,G5,,,
Plant,Magnoliopsida,Poales,Poaceae,Elymus,Elymus hystrix,eastern bottlebrush grass,S3,G5,,,
Plant,Magnoliopsida,Poales,Poaceae,Elymus,Elymus hystrix var. hystrix,bottle-brush grass,S3,G5T5,,,
Plant,Magnoliopsida,Poales,Poaceae,Sacciolepis,Sacciolepis striata,gibbous panicgrass,S3,G5,,,
Plant,Magnoliopsida,Poales,Typhaceae,Sparganium,Sparganium americanum,American burreed,S3,G5,,,
Plant,Magnoliopsida,Rosales,Rosaceae,Rubus,Rubus allegheniensis,allegheny blackberry,S3,G5,,,
Plant,Magnoliopsida,Rosales,Urticaceae,Urtica,Urtica chamaedryoides,weak nettle,S3,G4G5,,,
Plant,Magnoliopsida,Saxifragales,Hamamelidaceae,Hamamelis,Hamamelis vernalis,ozark witchhazel,S3,G4?,,,
Plant,Magnoliopsida,Zingiberales,Marantaceae,Thalia,Thalia dealbata,powdery thalia,S3,G4,,,
Plant,Pinopsida,Pinales,Cupressaceae,Juniperus,Juniperus monosperma,oneseed juniper,S3,G4G5,,,
Plant,Polypodiopsida,Polypodiales,Aspleniaceae,Asplenium,Asplenium rhizophyllum,walking fern,S3,G5,,,
Plant,Polypodiopsida,Salviniales,Azollaceae,Azolla,Azolla cristata,Mexican mosquitofern,S3,GNR,,,
Plant,Polypodiopsida,Salviniales,Marsileaceae,Marsilea,Marsilea vestita,hairy waterfern,S3,G5,,,
Plant,Magnoliopsida,Alismatales,Alismataceae,Echinodorus,Echinodorus tenellus,dwarf burhead,SH,G5?,,,
Plant,Magnoliopsida,Apiales,Apiaceae,Bowlesia,Bowlesia incana,hoary bowlesia,SH,G5,,,
Plant,Magnoliopsida,Apiales,Apiaceae,Eryngium,Eryngium diffusum,spreading eryngo,SH,G4?,,,
Plant,Magnoliopsida,Asparagales,Asparagaceae,Maianthemum,Maianthemum stellatum,starry false lily of the valley,SH,G5,,,
Plant,Magnoliopsida,Asparagales,Orchidaceae,Aplectrum,Aplectrum hyemale,puttyroot,SH,G5,,,
Plant,Magnoliopsida,Asparagales,Orchidaceae,Calopogon,Calopogon tuberosus,tuberous grasspink,SH,G5,,,
Plant,Magnoliopsida,Asparagales,Orchidaceae,Platanthera,Platanthera leucophaea,eastern prairie white-fringed orchid,SH,G2,Listed Threatened; Believed to be extirpated in Oklahoma,,
Plant,Magnoliopsida,Asparagales,Orchidaceae,Platanthera,Platanthera praeclara,western prairie fringed orchid,SH,G3,Listed Threatened; Believed to be extirpated in Oklahoma,,
Plant,Magnoliopsida,Asterales,Asteraceae,Ambrosia,Ambrosia acanthicarpa,flat-spine bursage,SH,G5,,,
Plant,Magnoliopsida,Asterales,Asteraceae,Antennaria,Antennaria parvifolia,Nuttall's pussytoes,SH,G5,,,
Plant,Magnoliopsida,Asterales,Asteraceae,Bidens,Bidens bigelovii,Bigelow's beggar-ticks,SH,G5,,,
Plant,Magnoliopsida,Asterales,Asteraceae,Helenium,Helenium quadridentatum,longdisk sneezeweed,SH,G4?,,,
Plant,Magnoliopsida,Asterales,Asteraceae,Lorandersonia,Lorandersonia baileyi,Bailey's rabbitbrush,SH,G4G5,,,
Plant,Magnoliopsida,Asterales,Asteraceae,Mulgedium,Mulgedium oblongifolium,blue lettuce,SH,GNR,,,
Plant,Magnoliopsida,Asterales,Asteraceae,Palafoxia,Palafoxia callosa,small palafox,SH,G4G5,,,
Plant,Magnoliopsida,Asterales,Asteraceae,Pectis,Pectis angustifolia,lemonscent,SH,G4G5,,,
Plant,Magnoliopsida,Asterales,Asteraceae,Pectis,Pectis angustifolia var. angustifolia,crown-seed fetid marigold,SH,G4G5TNR,,,
Plant,Magnoliopsida,Asterales,Asteraceae,Picradeniopsis,Picradeniopsis oppositifolia,opposite-leaf false bahia,SH,G5?,,,
Plant,Magnoliopsida,Asterales,Asteraceae,Picradeniopsis,Picradeniopsis woodhousei,Woodhouse's false bahia,SH,G4G5,,,
Plant,Magnoliopsida,Asterales,Asteraceae,Pseudoclappia,Pseudoclappia arenaria,trans-pecos false clappia,SH,G3,,,
Plant,Magnoliopsida,Asterales,Asteraceae,Pseudognaphalium,Pseudognaphalium helleri,Heller's cudweed,SH,G4G5,,,
Plant,Magnoliopsida,Asterales,Asteraceae,Pseudognaphalium,Pseudognaphalium helleri ssp. helleri,Heller's rabbit tobacco,SH,G4G5T3T4,,,
Plant,Magnoliopsida,Asterales,Asteraceae,Solidago,Solidago patula,roundleaf goldenrod,SH,G5,,,
Plant,Magnoliopsida,Asterales,Asteraceae,Solidago,Solidago patula ssp. strictula,round-leaved goldenrod,SH,G5T5,,,
Plant,Magnoliopsida,Asterales,Asteraceae,Solidago,Solidago ptarmicoides,prairie goldenrod,SH,G5,,,
Plant,Magnoliopsida,Asterales,Asteraceae,Symphyotrichum,Symphyotrichum ciliatum,alkali American-aster,SH,G5,,,
Plant,Magnoliopsida,Asterales,Asteraceae,Symphyotrichum,Symphyotrichum laeve,smooth blue aster,SH,G5,,,
Plant,Magnoliopsida,Asterales,Asteraceae,Symphyotrichum,Symphyotrichum novae-angliae,new england aster,SH,G5,,,
Plant,Magnoliopsida,Asterales,Asteraceae,Townsendia,Townsendia texensis,Texas townsend daisy,SH,G4?,,,
Plant,Magnoliopsida,Asterales,Asteraceae,Verbesina,Verbesina walteri,Carolina crownbeard,SH,G4,,,
Plant,Magnoliopsida,Asterales,Asteraceae,Vernonia,Vernonia texana,Texas ironweed,SH,G4G5,,,
Plant,Magnoliopsida,Brassicales,Brassicaceae,Boechera,Boechera fendleri,Fendler's rockcress,SH,G5T3T5,,,
Plant,Magnoliopsida,Brassicales,Brassicaceae,Rorippa,Rorippa teres,marsh yellowcress,SH,G5,,,
Plant,Magnoliopsida,Brassicales,Brassicaceae,Thelypodium,Thelypodium wrightii,Wright's thelypody,SH,G4,,,
Plant,Magnoliopsida,Caryophyllales,Aizoaceae,Sesuvium,Sesuvium maritimum,Puerto Rico seapurslane,SH,G5,,,
Plant,Magnoliopsida,Caryophyllales,Amaranthaceae,Amaranthus,Amaranthus scleropoides,bone-bract pigweed,SH,G5,,,
Plant,Magnoliopsida,Caryophyllales,Amaranthaceae,Guilleminea,Guilleminea densa,small matweed,SH,G5,,,
Plant,Magnoliopsida,Caryophyllales,Amaranthaceae,Guilleminea,Guilleminea densa var. aggregata,cottonflower,SH,G5TNR,,,
Plant,Magnoliopsida,Caryophyllales,Caryophyllaceae,Arenaria,Arenaria benthamii,hilly sandwort,SH,G4,,,
Plant,Magnoliopsida,Caryophyllales,Caryophyllaceae,Eremogone,Eremogone hookeri,Hooker's sandwort,SH,G5,,,
Plant,Magnoliopsida,Caryophyllales,Caryophyllaceae,Eremogone,Eremogone hookeri var. hookeri,Hooker's sandwort,SH,G5T5,,,
Plant,Magnoliopsida,Caryophyllales,Caryophyllaceae,Eremogone,Eremogone hookeri var. pinetorum,Hooker's sandwort,SH,G5T3T5,,,
Plant,Magnoliopsida,Caryophyllales,Caryophyllaceae,Paronychia,Paronychia canadensis,forked nailwort,SH,G5,,,
Plant,Magnoliopsida,Caryophyllales,Caryophyllaceae,Spergularia,Spergularia salina,salt sandspurry,SH,G5,,,
Plant,Magnoliopsida,Caryophyllales,Nyctaginaceae,Acleisanthes,Acleisanthes diffusa,spreading moonpod,SH,G4G5,,,
Plant,Magnoliopsida,Caryophyllales,Nyctaginaceae,Allionia,Allionia incarnata,trailing windmills,SH,G5,,,
Plant,Magnoliopsida,Caryophyllales,Nyctaginaceae,Mirabilis,Mirabilis oxybaphoides,spreading four-o'clock,SH,G5,,,
Plant,Magnoliopsida,Celastrales,Celastraceae,Lepuropetalon,Lepuropetalon spathulatum,southern lepuropetalon,SH,G4G5,,,
Plant,Magnoliopsida,Cornales,Hydrangeaceae,Hydrangea,Hydrangea cinerea,ashy hydrangea,SH,G5,,,
Plant,Magnoliopsida,Dioscoreales,Burmanniaceae,Burmannia,Burmannia capitata,southern burmannia,SH,G5,,,
Plant,Magnoliopsida,Dipsacales,Caprifoliaceae,Symphoricarpos,Symphoricarpos occidentalis,northern snowberry,SH,G5,,,
Plant,Magnoliopsida,Dipsacales,Caprifoliaceae,Symphoricarpos,Symphoricarpos palmeri,Palmer's snowberry,SH,G3G5,,,
Plant,Magnoliopsida,Dipsacales,Caprifoliaceae,Triosteum,Triosteum aurantiacum,orangefruit horse-gentian,SH,G5,,,
Plant,Magnoliopsida,Dipsacales,Caprifoliaceae,Triosteum,Triosteum aurantiacum var. illinoense,coffee tinker's-weed,SH,G5TNR,,,
Plant,Magnoliopsida,Dipsacales,Valerianaceae,Valerianella,Valerianella ozarkana,ozark cornsalad,SH,G3,,,
Plant,Magnoliopsida,Fabales,Fabaceae,Amorpha,Amorpha nana,fragrant indigobush,SH,G5,,,
Plant,Magnoliopsida,Fabales,Fabaceae,Lupinus,Lupinus pusillus,rusty lupine,SH,G5,,,
Plant,Magnoliopsida,Fabales,Fabaceae,Lupinus,Lupinus pusillus ssp. pusillus,small lupine,SH,G5T5,,,
Plant,Magnoliopsida,Fabales,Fabaceae,Trifolium,Trifolium carolinianum,Carolina clover,SH,G5,,,
Plant,Magnoliopsida,Fabales,Polygalaceae,Polygala,Polygala cruciata,drumheads,SH,G5,,,
Plant,Magnoliopsida,Fabales,Polygalaceae,Polygala,Polygala cruciata var. cruciata,crossleaf milkwort,SH,G5T4T5,,,
Plant,Magnoliopsida,Fabales,Polygalaceae,Polygala,Polygala lindheimeri var. parvifolia,tweedy milkwort,SH,G4T3T4,,,
Plant,Magnoliopsida,Gentianales,Apocynaceae,Asclepias,Asclepias involucrata,dwarf milkweed,SH,G5,,,
Plant,Magnoliopsida,Gentianales,Apocynaceae,Asclepias,Asclepias uncialis,Greene milkweed,SH,G2,,,
Plant,Magnoliopsida,Gentianales,Gentianaceae,Gentiana,Gentiana puberulenta,downy gentian,SH,G4G5,,,
Plant,Magnoliopsida,Gentianales,Gentianaceae,Gentiana,Gentiana saponaria,soapwort gentian,SH,G5,,,
Plant,Magnoliopsida,Lamiales,Lamiaceae,Blephilia,Blephilia ciliata,downy woodmint,SH,G5,,,
Plant,Magnoliopsida,Lamiales,Lamiaceae,Hedeoma,Hedeoma acinoides,slender false pennyroyal,SH,G4,,,
Plant,Magnoliopsida,Lamiales,Lamiaceae,Scutellaria,Scutellaria integrifolia,hyssop skullcap,SH,G5,,,
Plant,Magnoliopsida,Lamiales,Lentibulariaceae,Pinguicula,Pinguicula pumila,small bladderwort,SH,G4,,,
Plant,Magnoliopsida,Lamiales,Lentibulariaceae,Utricularia,Utricularia subulata,zigzag bladderwort,SH,G5,,,
Plant,Magnoliopsida,Lamiales,Orobanchaceae,Agalinis,Agalinis auriculata,earleaf foxglove,SH,G3,,,
Plant,Magnoliopsida,Lamiales,Orobanchaceae,Agalinis,Agalinis homalantha,san antonio false foxglove,SH,G5,,,
Plant,Magnoliopsida,Lamiales,Orobanchaceae,Agalinis,Agalinis viridis,green false foxglove,SH,G4?,,,
Plant,Magnoliopsida,Lamiales,Orobanchaceae,Epifagus,Epifagus virginiana,beechdrops,SH,G5,,,
Plant,Magnoliopsida,Lamiales,Phrymaceae,Mimulus,Mimulus ringens,allegheny monkeyflower,SH,G5,,,
Plant,Magnoliopsida,Lamiales,Phrymaceae,Mimulus,Mimulus ringens var. ringens,Allegheny monkey-flower,SH,G5T5,,,
Plant,Magnoliopsida,Lamiales,Verbenaceae,Verbena,Verbena xutha,gulf vervain,SH,G5,,,
Plant,Magnoliopsida,Liliales,Colchicaceae,Uvularia,Uvularia perfoliata,perfoliate bellwort,SH,G5,,,
Plant,Magnoliopsida,Liliales,Colchicaceae,Uvularia,Uvularia sessilifolia,sessileleaf bellwort,SH,G5,,,
Plant,Magnoliopsida,Malpighiales,Elatinaceae,Elatine,Elatine americana,American waterwort,SH,G4,,,
Plant,Magnoliopsida,Malpighiales,Euphorbiaceae,Croton,Croton michauxii var. michauxii,narrowleaf rushfoil,SH,G5,,,
Plant,Magnoliopsida,Malpighiales,Euphorbiaceae,Euphorbia,Euphorbia carunculata,sanddune broomspurge,SH,G3G4,,,
Plant,Magnoliopsida,Malpighiales,Hypericaceae,Hypericum,Hypericum crux-andreae,St. Peter's wort,SH,G5,,,
Plant,Magnoliopsida,Malpighiales,Salicaceae,Salix,Salix humilis,prairie willow,SH,G5,,,
Plant,Magnoliopsida,Malpighiales,Salicaceae,Salix,Salix humilis var. humilis,prairie willow,SH,G5T5,,,
Plant,Magnoliopsida,Malpighiales,Salicaceae,Salix,Salix humilis var. tristis,prairie willow,SH,G5T4T5,,,
Plant,Magnoliopsida,Malpighiales,Violaceae,Viola,Viola lanceolata,lanceleaf violet,SH,G5,,,
Plant,Magnoliopsida,Malvales,Cistaceae,Helianthemum,Helianthemum bicknellii,hoary frostweed,SH,G5,,,
Plant,Magnoliopsida,Malvales,Malvaceae,Rhynchosida,Rhynchosida physocalyx,buffpetal,SH,G4G5,,,
Plant,Magnoliopsida,Myrtales,Onagraceae,Circaea,Circaea canadensis ssp. canadensis,broadleaf enchanter's nightshade,SH,G5T5,,,
Plant,Magnoliopsida,Myrtales,Onagraceae,Circaea,Circaea lutetiana,broadleaf enchanter's nightshade,SH,G5,,,
Plant,Magnoliopsida,Myrtales,Onagraceae,Ludwigia,Ludwigia hirtella,hairy ludwigia,SH,G5,,,
Plant,Magnoliopsida,Myrtales,Onagraceae,Ludwigia,Ludwigia linearis,narrowleaf seedbox,SH,G5,,,
Plant,Magnoliopsida,Nymphaeales,Cabombaceae,Cabomba,Cabomba caroliniana,Carolina fanwort,SH,G5,,,
Plant,Magnoliopsida,Piperales,Saururaceae,Anemopsis,Anemopsis californica,yerba mansa,SH,G5,,,
Plant,Magnoliopsida,Poales,Cyperaceae,Carex,Carex crawei,Crawe's sedge,SH,G5,,,
Plant,Magnoliopsida,Poales,Cyperaceae,Cyperus,Cyperus compressus,poorland flatsedge,SH,G5,,,
Plant,Magnoliopsida,Poales,Cyperaceae,Eleocharis,Eleocharis albida,white spikerush,SH,G4G5,,,
Plant,Magnoliopsida,Poales,Poaceae,Achnatherum,Achnatherum hymenoides,Indian mountain ricegrass,SH,G5,,,
Plant,Magnoliopsida,Poales,Poaceae,Achnatherum,Achnatherum scribneri,scribner needlegrass,SH,G4,,,
Plant,Magnoliopsida,Poales,Poaceae,Axonopus,Axonopus furcatus,big carpet grass,SH,G5,,,
Plant,Magnoliopsida,Poales,Poaceae,Bromus,Bromus lanatipes,wooly brome,SH,G5,,,
Plant,Magnoliopsida,Poales,Poaceae,Enneapogon,Enneapogon desvauxii,nine-awned pappus grass,SH,G5,,,
Plant,Magnoliopsida,Poales,Poaceae,Gymnopogon,Gymnopogon brevifolius,shortleaf skeletongrass,SH,G5,,,
Plant,Magnoliopsida,Poales,Poaceae,Hesperostipa,Hesperostipa spartea,porcupine needlegrass,SH,G5,,,
Plant,Magnoliopsida,Poales,Poaceae,Muhlenbergia,Muhlenbergia cuspidata,plains muhly,SH,G5,,,
Plant,Magnoliopsida,Poales,Poaceae,Panicum,Panicum verrucosum,warty panicgrass,SH,G4,,,
Plant,Magnoliopsida,Poales,Poaceae,Paspalum,Paspalum dissectum,Walter's paspalum,SH,G4?,,,
Plant,Magnoliopsida,Poales,Poaceae,Saccharum,Saccharum alopecuroides,silver plumegrass,SH,G5,,,
Plant,Magnoliopsida,Poales,Poaceae,Scleropogon,Scleropogon brevifolius,burrograss,SH,G5,,,
Plant,Magnoliopsida,Poales,Poaceae,Setaria,Setaria grisebachii,grisebach foxtail,SH,G4G5,,,
Plant,Magnoliopsida,Poales,Poaceae,Setaria,Setaria reverchonii,Reverchon's bristlegrass,SH,G4G5,,,
Plant,Magnoliopsida,Poales,Poaceae,Setaria,Setaria reverchonii ssp. firmula,knot grass,SH,G4,,,
Plant,Magnoliopsida,Poales,Poaceae,Setaria,Setaria reverchonii ssp. reverchonii,Reverchon's bristlegrass,SH,G4G5,,,
Plant,Magnoliopsida,Poales,Typhaceae,Sparganium,Sparganium eurycarpum,large burreed,SH,G5,,,
Plant,Magnoliopsida,Ranunculales,Ranunculaceae,Delphinium,Delphinium wootonii,Organ mountain larkspur,SH,G4G5,,,
Plant,Magnoliopsida,Ranunculales,Ranunculaceae,Ranunculus,Ranunculus flabellaris,yellow water crowfoot,SH,G5,,,
Plant,Magnoliopsida,Rosales,Rosaceae,Fallugia,Fallugia paradoxa,apache-plume,SH,G5,,,
Plant,Magnoliopsida,Rosales,Urticaceae,Urtica,Urtica dioica,big stinging nettle,SH,G5,,,
Plant,Magnoliopsida,Rosales,Urticaceae,Urtica,Urtica dioica ssp. gracilis,slender stinging nettle,SH,G5T5,,,
Plant,Magnoliopsida,Saxifragales,Saxifragaceae,Heuchera,Heuchera richardsonii,Richardson's alumroot,SH,G5,,,
Plant,Magnoliopsida,Solanales,Convolvulaceae,Jacquemontia,Jacquemontia tamnifolia,hairy clustervine,SH,GNR,,,
Plant,Magnoliopsida,Solanales,Solanaceae,Lycium,Lycium berlandieri,Berlandier's wolfberry,SH,G5,,,
Plant,Magnoliopsida,Solanales,Solanaceae,Lycium,Lycium pallidum,pale wolfberry,SH,G5,,,
Plant,Magnoliopsida,Solanales,Solanaceae,Nicotiana,Nicotiana obtusifolia,desert tobacco,SH,G4G5,,,
Plant,Magnoliopsida,Solanales,Solanaceae,Nicotiana,Nicotiana obtusifolia var. obtusifolia,desert tobacco,SH,G4G5TNR,,,
Plant,Magnoliopsida,Solanales,Solanaceae,Physalis,Physalis missouriensis,Missouri groundcherry,SH,G2,,,
Plant,Polypodiopsida,Ophioglossales,Ophioglossaceae,Ophioglossum,Ophioglossum nudicaule,least adder's-tongue fern,SH,G5,,,
Plant,Polypodiopsida,Polypodiales,Dryopteridaceae,Dryopteris,Dryopteris filix-mas,male fern,SH,G5,,,
Plant,Polypodiopsida,Polypodiales,Pteridaceae,Astrolepis,Astrolepis cochisensis,Cochise scaly cloakfern,SH,G5,,,
Plant,Polypodiopsida,Polypodiales,Pteridaceae,Cheilanthes,Cheilanthes fendleri,Fendler's lipfern,SH,G4,,,
Plant,Polypodiopsida,Polypodiales,Pteridaceae,Cheilanthes,Cheilanthes horridula,rough lipfern,SH,G4G5,,,
Plant,Polypodiopsida,Polypodiales,Woodsiaceae,Woodsia,Woodsia neomexicana,New Mexico cliff fern,SH,G4?,,,
Plant,Polypodiopsida,Polypodiales,Woodsiaceae,Woodsia,Woodsia plummerae,plummer woodsia,SH,G5,,,
Plant,Magnoliopsida,Gentianales,Gentianaceae,Sabatia,Sabatia formosa,stately rose gentian,SNR,G2,,,
Plant,Magnoliopsida,Poales,Cyperaceae,Carex,Carex cephalophora,oval-leaved sedge,SNR,G5,,,
