countyFIPS,family,specCount
40001,Apiaceae,1
40001,Asteraceae,4
40001,Caprifoliaceae,1
40001,Cornaceae,1
40001,Geraniaceae,1
40001,Hydrangeaceae,1
40001,Lamiaceae,1
40001,Plantaginaceae,1
40001,Poaceae,2
40001,Primulaceae,1
40001,Pteridaceae,1
40001,Viburnaceae,1
40003,Amaranthaceae,1
40003,Asteraceae,4
40003,Convolvulaceae,1
40003,Cyperaceae,1
40003,Poaceae,6
40003,Polygonaceae,1
40005,Asteraceae,13
40005,Cyperaceae,1
40005,Fabaceae,2
40005,Melastomataceae,1
40005,Moraceae,1
40005,Nymphaeaceae,1
40005,Onagraceae,1
40005,Orobanchaceae,6
40005,Poaceae,6
40005,Polygalaceae,1
40005,Ranunculaceae,2
40005,Rosaceae,2
40005,Salicaceae,1
40005,Typhaceae,2
40005,Verbenaceae,2
40005,Violaceae,1
40005,Vitaceae,1
40007,Asteraceae,10
40007,Caryophyllaceae,1
40007,Cleomaceae,1
40007,Convolvulaceae,1
40007,Cyperaceae,3
40007,Elaeagnaceae,1
40007,Euphorbiaceae,3
40007,Fabaceae,4
40007,Lamiaceae,2
40007,Linaceae,1
40007,Malvaceae,1
40007,Onagraceae,2
40007,Plantaginaceae,1
40007,Poaceae,2
40007,Verbenaceae,1
40007,Zygophyllaceae,1
40009,Amaranthaceae,1
40009,Asteraceae,2
40009,Boraginaceae,1
40009,Juglandaceae,1
40009,Lamiaceae,1
40009,Papaveraceae,1
40009,Phytolaccaceae,1
40009,Poaceae,2
40009,Tamaricaceae,1
40009,Verbenaceae,1
40011,Amaranthaceae,5
40011,Anacardiaceae,4
40011,Apocynaceae,3
40011,Asparagaceae,1
40011,Asteraceae,57
40011,Bignoniaceae,3
40011,Boraginaceae,7
40011,Brassicaceae,4
40011,Cleomaceae,4
40011,Commelinaceae,8
40011,Convolvulaceae,1
40011,Cucurbitaceae,1
40011,Cupressaceae,2
40011,Cyperaceae,1
40011,Euphorbiaceae,4
40011,Fabaceae,17
40011,Lamiaceae,9
40011,Linaceae,2
40011,Loasaceae,2
40011,Malvaceae,3
40011,Onagraceae,10
40011,Oxalidaceae,2
40011,Papaveraceae,5
40011,Phytolaccaceae,2
40011,Plantaginaceae,6
40011,Poaceae,12
40011,Polygonaceae,5
40011,Portulacaceae,1
40011,Ranunculaceae,2
40011,Rubiaceae,5
40011,Sapindaceae,1
40011,Solanaceae,18
40011,Typhaceae,1
40011,Ulmaceae,1
40011,Verbenaceae,6
40011,Zygophyllaceae,5
40013,Orobanchaceae,2
40015,Amaranthaceae,4
40015,Anacardiaceae,4
40015,Apiaceae,1
40015,Apocynaceae,6
40015,Asparagaceae,3
40015,Asteraceae,30
40015,Boraginaceae,5
40015,Brassicaceae,3
40015,Caryophyllaceae,3
40015,Cistaceae,1
40015,Commelinaceae,2
40015,Convolvulaceae,4
40015,Cucurbitaceae,1
40015,Cupressaceae,1
40015,Cyperaceae,1
40015,Equisetaceae,1
40015,Fabaceae,14
40015,Fagaceae,1
40015,Geraniaceae,1
40015,Grossulariaceae,1
40015,Lamiaceae,6
40015,Loasaceae,1
40015,Malvaceae,2
40015,Martyniaceae,1
40015,Menispermaceae,1
40015,Onagraceae,5
40015,Orobanchaceae,1
40015,Oxalidaceae,1
40015,Papaveraceae,1
40015,Phytolaccaceae,1
40015,Plantaginaceae,17
40015,Poaceae,29
40015,Polygonaceae,2
40015,Primulaceae,1
40015,Pteridaceae,1
40015,Ranunculaceae,1
40015,Rosaceae,1
40015,Rubiaceae,3
40015,Santalaceae,1
40015,Sapindaceae,10
40015,Solanaceae,5
40015,Talinaceae,1
40015,Tamaricaceae,1
40015,Verbenaceae,2
40015,Viburnaceae,1
40015,Violaceae,4
40015,Vitaceae,2
40015,Zygophyllaceae,1
40017,Alismataceae,1
40017,Amaranthaceae,6
40017,Amaryllidaceae,1
40017,Apiaceae,5
40017,Apocynaceae,5
40017,Asphodelaceae,1
40017,Asteraceae,63
40017,Bignoniaceae,3
40017,Boraginaceae,3
40017,Brassicaceae,6
40017,Campanulaceae,1
40017,Cannabaceae,1
40017,Caprifoliaceae,2
40017,Caryophyllaceae,2
40017,Cleomaceae,6
40017,Commelinaceae,4
40017,Convolvulaceae,4
40017,Cornaceae,1
40017,Cucurbitaceae,2
40017,Cyperaceae,1
40017,Ebenaceae,1
40017,Equisetaceae,1
40017,Euphorbiaceae,21
40017,Fabaceae,22
40017,Gentianaceae,1
40017,Geraniaceae,2
40017,Iridaceae,1
40017,Lamiaceae,9
40017,Linaceae,2
40017,Malvaceae,6
40017,Martyniaceae,5
40017,Molluginaceae,8
40017,Montiaceae,1
40017,Moraceae,2
40017,Nyctaginaceae,5
40017,Onagraceae,13
40017,Orobanchaceae,2
40017,Oxalidaceae,2
40017,Papaveraceae,3
40017,Passifloraceae,1
40017,Phytolaccaceae,1
40017,Plantaginaceae,2
40017,Poaceae,57
40017,Polygonaceae,2
40017,Portulacaceae,2
40017,Ranunculaceae,2
40017,Rubiaceae,1
40017,Sapindaceae,2
40017,Solanaceae,11
40017,Tamaricaceae,1
40017,Typhaceae,1
40017,Ulmaceae,1
40017,Verbenaceae,11
40017,Violaceae,1
40017,Vitaceae,1
40017,Zygophyllaceae,6
40019,Anacardiaceae,7
40019,Apiaceae,1
40019,Apocynaceae,8
40019,Asparagaceae,2
40019,Asteraceae,11
40019,Bignoniaceae,2
40019,Boraginaceae,4
40019,Brassicaceae,1
40019,Cannabaceae,1
40019,Caprifoliaceae,2
40019,Convolvulaceae,6
40019,Cornaceae,1
40019,Euphorbiaceae,5
40019,Fabaceae,11
40019,Fagaceae,4
40019,Gentianaceae,2
40019,Grossulariaceae,5
40019,Lamiaceae,13
40019,Linaceae,2
40019,Loasaceae,7
40019,Malvaceae,1
40019,Nyctaginaceae,1
40019,Onagraceae,6
40019,Orobanchaceae,2
40019,Plantaginaceae,1
40019,Poaceae,2
40019,Polemoniaceae,2
40019,Polygonaceae,1
40019,Rosaceae,12
40019,Rubiaceae,13
40019,Rutaceae,3
40019,Solanaceae,2
40019,Ulmaceae,1
40019,Verbenaceae,12
40021,Acanthaceae,2
40021,Alismataceae,1
40021,Anacardiaceae,1
40021,Apocynaceae,1
40021,Asteraceae,13
40021,Betulaceae,1
40021,Bignoniaceae,2
40021,Boraginaceae,4
40021,Campanulaceae,5
40021,Caryophyllaceae,3
40021,Convolvulaceae,1
40021,Crassulaceae,1
40021,Cyperaceae,2
40021,Equisetaceae,1
40021,Euphorbiaceae,1
40021,Fabaceae,7
40021,Fagaceae,3
40021,Hydrangeaceae,1
40021,Hypoxidaceae,1
40021,Juglandaceae,1
40021,Lamiaceae,7
40021,Melanthiaceae,2
40021,Molluginaceae,1
40021,Onagraceae,1
40021,Oxalidaceae,4
40021,Passifloraceae,2
40021,Phytolaccaceae,1
40021,Plantaginaceae,4
40021,Poaceae,3
40021,Polemoniaceae,2
40021,Ranunculaceae,8
40021,Rosaceae,4
40021,Salicaceae,1
40021,Saururaceae,1
40021,Scrophulariaceae,4
40021,Solanaceae,3
40021,Urticaceae,1
40021,Verbenaceae,3
40021,Viburnaceae,1
40021,Violaceae,1
40021,Vitaceae,2
40021,Zygophyllaceae,1
40023,Fabaceae,3
40023,Fagaceae,1
40023,Nelumbonaceae,1
40023,Nymphaeaceae,1
40023,Polygonaceae,1
40025,Amaranthaceae,1
40025,Amaryllidaceae,1
40025,Apocynaceae,1
40025,Cyperaceae,3
40025,Fabaceae,1
40025,Onagraceae,2
40025,Orobanchaceae,1
40025,Polemoniaceae,1
40025,Polygonaceae,2
40025,Pteridaceae,1
40025,Rosaceae,1
40025,Verbenaceae,1
40025,Viburnaceae,1
40027,Acanthaceae,1
40027,Amaranthaceae,7
40027,Amaryllidaceae,3
40027,Anacardiaceae,4
40027,Apiaceae,10
40027,Apocynaceae,7
40027,Asparagaceae,3
40027,Asteraceae,107
40027,Bignoniaceae,3
40027,Boraginaceae,6
40027,Brassicaceae,14
40027,Campanulaceae,6
40027,Cannabaceae,1
40027,Caprifoliaceae,1
40027,Caryophyllaceae,9
40027,Cistaceae,2
40027,Commelinaceae,4
40027,Convolvulaceae,8
40027,Crassulaceae,2
40027,Cyperaceae,5
40027,Equisetaceae,1
40027,Euphorbiaceae,6
40027,Fabaceae,60
40027,Fagaceae,4
40027,Gentianaceae,3
40027,Geraniaceae,3
40027,Grossulariaceae,1
40027,Iridaceae,1
40027,Lamiaceae,9
40027,Liliaceae,1
40027,Linaceae,2
40027,Lythraceae,1
40027,Malvaceae,7
40027,Menispermaceae,1
40027,Montiaceae,1
40027,Moraceae,1
40027,Nelumbonaceae,1
40027,Nyctaginaceae,1
40027,Onagraceae,18
40027,Orobanchaceae,3
40027,Oxalidaceae,2
40027,Papaveraceae,1
40027,Phrymaceae,1
40027,Phytolaccaceae,1
40027,Plantaginaceae,19
40027,Poaceae,21
40027,Polemoniaceae,1
40027,Polygalaceae,4
40027,Polygonaceae,9
40027,Primulaceae,4
40027,Ranunculaceae,6
40027,Rhamnaceae,1
40027,Rosaceae,7
40027,Rubiaceae,11
40027,Salicaceae,3
40027,Sapindaceae,1
40027,Scrophulariaceae,1
40027,Smilacaceae,5
40027,Solanaceae,10
40027,Tamaricaceae,1
40027,Ulmaceae,3
40027,Verbenaceae,9
40027,Viburnaceae,4
40027,Violaceae,6
40027,Zygophyllaceae,3
40029,Asteraceae,2
40029,Boraginaceae,3
40029,Caryophyllaceae,1
40029,Oxalidaceae,1
40029,Papaveraceae,1
40029,Ranunculaceae,3
40029,Verbenaceae,1
40031,Amaryllidaceae,2
40031,Apiaceae,6
40031,Apocynaceae,7
40031,Asparagaceae,1
40031,Aspleniaceae,1
40031,Asteraceae,41
40031,Bignoniaceae,1
40031,Boraginaceae,4
40031,Brassicaceae,23
40031,Cactaceae,2
40031,Campanulaceae,2
40031,Cannabaceae,1
40031,Caryophyllaceae,1
40031,Cleomaceae,3
40031,Commelinaceae,4
40031,Convolvulaceae,3
40031,Cornaceae,1
40031,Crassulaceae,2
40031,Cucurbitaceae,1
40031,Cyperaceae,6
40031,Euphorbiaceae,7
40031,Fabaceae,18
40031,Fagaceae,4
40031,Iridaceae,1
40031,Lamiaceae,6
40031,Linaceae,3
40031,Loasaceae,1
40031,Malvaceae,6
40031,Montiaceae,2
40031,Onagraceae,9
40031,Orobanchaceae,3
40031,Papaveraceae,3
40031,Phrymaceae,1
40031,Phyllanthaceae,1
40031,Phytolaccaceae,1
40031,Plantaginaceae,6
40031,Poaceae,18
40031,Polemoniaceae,3
40031,Polygonaceae,5
40031,Pontederiaceae,1
40031,Primulaceae,1
40031,Pteridaceae,1
40031,Rosaceae,6
40031,Rubiaceae,7
40031,Salicaceae,1
40031,Sapindaceae,3
40031,Solanaceae,5
40031,Talinaceae,1
40031,Tamaricaceae,1
40031,Verbenaceae,9
40031,Zygophyllaceae,1
40033,Asteraceae,5
40033,Brassicaceae,2
40033,Ephedraceae,1
40033,Fabaceae,2
40033,Geraniaceae,2
40033,Iridaceae,1
40033,Montiaceae,1
40033,Oxalidaceae,1
40033,Ranunculaceae,1
40033,Rosaceae,1
40033,Rubiaceae,1
40033,Ulmaceae,1
40035,Brassicaceae,1
40037,Asteraceae,2
40037,Fabaceae,1
40039,Amaranthaceae,3
40039,Apocynaceae,3
40039,Asteraceae,14
40039,Boraginaceae,2
40039,Brassicaceae,3
40039,Convolvulaceae,1
40039,Cyperaceae,4
40039,Fabaceae,3
40039,Onagraceae,3
40039,Papaveraceae,1
40039,Plantaginaceae,1
40039,Poaceae,3
40039,Polygonaceae,1
40039,Rosaceae,1
40039,Solanaceae,1
40039,Ulmaceae,1
40041,Asteraceae,3
40041,Betulaceae,1
40041,Brassicaceae,1
40041,Campanulaceae,2
40041,Caprifoliaceae,1
40041,Caryophyllaceae,2
40041,Cyperaceae,1
40041,Fabaceae,1
40041,Fagaceae,1
40041,Lamiaceae,2
40041,Plantaginaceae,5
40041,Poaceae,1
40041,Polygonaceae,2
40041,Ranunculaceae,2
40041,Rosaceae,2
40041,Rubiaceae,1
40041,Solanaceae,1
40041,Verbenaceae,1
40041,Violaceae,1
40043,Asteraceae,3
40043,Cyperaceae,1
40043,Grossulariaceae,1
40043,Poaceae,6
40045,Asteraceae,1
40045,Brassicaceae,1
40045,Polemoniaceae,1
40049,Acanthaceae,1
40049,Anacardiaceae,1
40049,Apiaceae,1
40049,Asteraceae,3
40049,Brassicaceae,1
40049,Commelinaceae,1
40049,Convolvulaceae,1
40049,Cyperaceae,5
40049,Euphorbiaceae,2
40049,Fabaceae,6
40049,Gentianaceae,9
40049,Geraniaceae,3
40049,Lamiaceae,6
40049,Lythraceae,1
40049,Malvaceae,1
40049,Montiaceae,1
40049,Onagraceae,3
40049,Papaveraceae,1
40049,Plantaginaceae,1
40049,Poaceae,2
40049,Polygonaceae,2
40049,Rubiaceae,1
40049,Solanaceae,1
40049,Typhaceae,3
40049,Ulmaceae,1
40049,Verbenaceae,3
40049,Vitaceae,1
40051,Amaryllidaceae,1
40051,Anacardiaceae,1
40051,Apiaceae,4
40051,Apocynaceae,2
40051,Asteraceae,17
40051,Bignoniaceae,1
40051,Boraginaceae,1
40051,Brassicaceae,3
40051,Commelinaceae,2
40051,Convolvulaceae,3
40051,Cornaceae,1
40051,Cyperaceae,2
40051,Euphorbiaceae,4
40051,Fabaceae,14
40051,Fagaceae,1
40051,Gentianaceae,1
40051,Iridaceae,1
40051,Lamiaceae,4
40051,Malvaceae,3
40051,Onagraceae,13
40051,Orobanchaceae,1
40051,Oxalidaceae,5
40051,Plantaginaceae,3
40051,Poaceae,3
40051,Polygonaceae,3
40051,Primulaceae,1
40051,Ranunculaceae,3
40051,Rubiaceae,2
40051,Solanaceae,4
40051,Verbenaceae,2
40051,Violaceae,2
40051,Vitaceae,1
40053,Boraginaceae,1
40053,Cucurbitaceae,1
40053,Cyperaceae,1
40053,Polygonaceae,1
40053,Ranunculaceae,1
40053,Urticaceae,1
40053,Zygophyllaceae,1
40057,Apocynaceae,1
40057,Asteraceae,2
40057,Boraginaceae,2
40057,Brassicaceae,1
40057,Cactaceae,2
40057,Ephedraceae,1
40057,Euphorbiaceae,2
40057,Fabaceae,5
40057,Lamiaceae,3
40057,Loasaceae,1
40057,Poaceae,1
40057,Salicaceae,1
40057,Solanaceae,1
40057,Verbenaceae,2
40059,Asteraceae,5
40059,Boraginaceae,1
40059,Cyperaceae,2
40059,Fabaceae,3
40059,Onagraceae,2
40059,Orobanchaceae,1
40059,Poaceae,5
40059,Verbenaceae,1
40061,Anacardiaceae,1
40061,Apocynaceae,2
40061,Berberidaceae,1
40061,Lamiaceae,2
40061,Polemoniaceae,2
40061,Rubiaceae,1
40063,Asteraceae,2
40063,Boraginaceae,1
40063,Brassicaceae,2
40063,Fabaceae,1
40063,Onagraceae,1
40063,Plantaginaceae,1
40063,Rosaceae,1
40063,Verbenaceae,1
40065,Anacardiaceae,2
40065,Apocynaceae,1
40065,Asparagaceae,1
40065,Asteraceae,3
40065,Bignoniaceae,3
40065,Brassicaceae,6
40065,Cactaceae,1
40065,Caprifoliaceae,1
40065,Commelinaceae,1
40065,Cornaceae,1
40065,Cyperaceae,2
40065,Fagaceae,1
40065,Gentianaceae,1
40065,Lamiaceae,2
40065,Poaceae,2
40065,Polemoniaceae,1
40065,Polygonaceae,1
40065,Pteridaceae,1
40065,Salicaceae,1
40065,Sapindaceae,1
40065,Solanaceae,1
40065,Tamaricaceae,1
40067,Asteraceae,3
40067,Lamiaceae,6
40069,Acanthaceae,7
40069,Alismataceae,3
40069,Amaranthaceae,2
40069,Anacardiaceae,5
40069,Apiaceae,13
40069,Apocynaceae,8
40069,Asteraceae,16
40069,Betulaceae,11
40069,Boraginaceae,3
40069,Brassicaceae,2
40069,Campanulaceae,1
40069,Caryophyllaceae,3
40069,Commelinaceae,2
40069,Crassulaceae,3
40069,Cyperaceae,5
40069,Equisetaceae,1
40069,Euphorbiaceae,11
40069,Fabaceae,5
40069,Gentianaceae,8
40069,Hypericaceae,4
40069,Hypoxidaceae,1
40069,Lamiaceae,4
40069,Loasaceae,3
40069,Lythraceae,1
40069,Onagraceae,3
40069,Orobanchaceae,2
40069,Oxalidaceae,1
40069,Papaveraceae,2
40069,Passifloraceae,2
40069,Phytolaccaceae,4
40069,Plantaginaceae,5
40069,Poaceae,12
40069,Polemoniaceae,7
40069,Polygonaceae,2
40069,Pteridaceae,1
40069,Ranunculaceae,5
40069,Rubiaceae,10
40069,Sapindaceae,1
40069,Solanaceae,2
40069,Talinaceae,1
40069,Ulmaceae,1
40069,Verbenaceae,3
40069,Viburnaceae,1
40069,Vitaceae,1
40071,Amaryllidaceae,1
40071,Asparagaceae,2
40071,Asteraceae,1
40071,Brassicaceae,2
40071,Caprifoliaceae,1
40071,Convolvulaceae,1
40071,Cyperaceae,1
40071,Fagaceae,1
40071,Lamiaceae,1
40071,Malvaceae,1
40071,Onagraceae,1
40071,Poaceae,1
40071,Primulaceae,1
40071,Ranunculaceae,1
40071,Rosaceae,2
40071,Rubiaceae,2
40071,Sapindaceae,1
40071,Ulmaceae,1
40071,Vitaceae,1
40073,Apocynaceae,5
40073,Asteraceae,10
40073,Bignoniaceae,1
40073,Brassicaceae,3
40073,Cleomaceae,3
40073,Commelinaceae,2
40073,Convolvulaceae,3
40073,Cyperaceae,2
40073,Equisetaceae,1
40073,Fabaceae,8
40073,Gentianaceae,1
40073,Geraniaceae,1
40073,Malvaceae,1
40073,Martyniaceae,2
40073,Nyctaginaceae,2
40073,Onagraceae,6
40073,Oxalidaceae,1
40073,Papaveraceae,5
40073,Plantaginaceae,2
40073,Poaceae,2
40073,Polygonaceae,4
40073,Sapindaceae,1
40073,Solanaceae,8
40073,Verbenaceae,2
40075,Anacardiaceae,2
40075,Apiaceae,2
40075,Apocynaceae,1
40075,Asteraceae,21
40075,Boraginaceae,1
40075,Brassicaceae,10
40075,Caprifoliaceae,1
40075,Commelinaceae,1
40075,Cupressaceae,3
40075,Cyperaceae,2
40075,Euphorbiaceae,1
40075,Fabaceae,8
40075,Grossulariaceae,4
40075,Malvaceae,1
40075,Onagraceae,3
40075,Poaceae,2
40075,Polygalaceae,1
40075,Rosaceae,3
40075,Solanaceae,1
40075,Verbenaceae,4
40077,Altingiaceae,1
40077,Asteraceae,4
40077,Boraginaceae,1
40077,Campanulaceae,1
40077,Cannabaceae,1
40077,Cyperaceae,2
40077,Fabaceae,3
40077,Fagaceae,4
40077,Hypericaceae,2
40077,Hypoxidaceae,1
40077,Lamiaceae,3
40077,Oleaceae,1
40077,Onagraceae,1
40077,Phyllanthaceae,1
40077,Plantaginaceae,1
40077,Platanaceae,1
40077,Poaceae,2
40077,Polemoniaceae,1
40077,Primulaceae,2
40077,Ranunculaceae,5
40077,Rosaceae,1
40077,Sapindaceae,2
40077,Ulmaceae,1
40077,Violaceae,1
40079,Apocynaceae,2
40079,Aquifoliaceae,5
40079,Asteraceae,3
40079,Betulaceae,3
40079,Boraginaceae,3
40079,Campanulaceae,1
40079,Cannabaceae,1
40079,Caprifoliaceae,6
40079,Celastraceae,1
40079,Cornaceae,3
40079,Cupressaceae,2
40079,Cyperaceae,6
40079,Elaeagnaceae,1
40079,Fabaceae,15
40079,Fagaceae,3
40079,Hamamelidaceae,1
40079,Hydroleaceae,1
40079,Hypoxidaceae,2
40079,Iridaceae,1
40079,Juglandaceae,1
40079,Lamiaceae,6
40079,Liliaceae,1
40079,Linaceae,1
40079,Loganiaceae,1
40079,Lythraceae,1
40079,Malvaceae,2
40079,Melanthiaceae,1
40079,Moraceae,1
40079,Passifloraceae,1
40079,Plantaginaceae,1
40079,Poaceae,3
40079,Polemoniaceae,10
40079,Polygalaceae,3
40079,Ranunculaceae,1
40079,Rosaceae,7
40079,Rubiaceae,1
40079,Sapotaceae,1
40079,Smilacaceae,1
40079,Styracaceae,1
40079,Ulmaceae,1
40079,Verbenaceae,1
40079,Violaceae,4
40079,Vitaceae,4
40079,Xyridaceae,1
40081,Apiaceae,3
40081,Asparagaceae,1
40081,Asteraceae,2
40081,Boraginaceae,2
40081,Brassicaceae,2
40081,Convolvulaceae,1
40081,Euphorbiaceae,1
40081,Fabaceae,9
40081,Gentianaceae,1
40081,Hypericaceae,1
40081,Lamiaceae,2
40081,Nymphaeaceae,1
40081,Onagraceae,3
40081,Ranunculaceae,1
40081,Rosaceae,1
40081,Rubiaceae,1
40081,Solanaceae,1
40081,Violaceae,1
40083,Acanthaceae,4
40083,Amaranthaceae,2
40083,Anacardiaceae,4
40083,Apiaceae,10
40083,Apocynaceae,27
40083,Asteraceae,74
40083,Bignoniaceae,4
40083,Boraginaceae,4
40083,Brassicaceae,8
40083,Campanulaceae,2
40083,Caprifoliaceae,1
40083,Caryophyllaceae,1
40083,Cistaceae,1
40083,Commelinaceae,6
40083,Convolvulaceae,6
40083,Crassulaceae,1
40083,Cucurbitaceae,1
40083,Cyperaceae,6
40083,Euphorbiaceae,11
40083,Fabaceae,57
40083,Fagaceae,2
40083,Gentianaceae,8
40083,Iridaceae,1
40083,Juglandaceae,1
40083,Lamiaceae,14
40083,Liliaceae,1
40083,Malvaceae,2
40083,Menispermaceae,1
40083,Molluginaceae,2
40083,Montiaceae,1
40083,Nyctaginaceae,2
40083,Onagraceae,22
40083,Orobanchaceae,2
40083,Oxalidaceae,2
40083,Papaveraceae,7
40083,Phytolaccaceae,4
40083,Plantaginaceae,4
40083,Poaceae,21
40083,Polemoniaceae,1
40083,Polygalaceae,9
40083,Polygonaceae,4
40083,Ranunculaceae,6
40083,Rosaceae,2
40083,Rubiaceae,9
40083,Salicaceae,2
40083,Sapindaceae,1
40083,Sapotaceae,1
40083,Scrophulariaceae,2
40083,Solanaceae,15
40083,Talinaceae,1
40083,Tamaricaceae,2
40083,Typhaceae,7
40083,Verbenaceae,4
40083,Vitaceae,1
40085,Cyperaceae,3
40085,Elatinaceae,1
40085,Iridaceae,1
40085,Malvaceae,1
40085,Rosaceae,1
40087,Acanthaceae,2
40087,Alismataceae,1
40087,Amaranthaceae,1
40087,Amaryllidaceae,1
40087,Apiaceae,2
40087,Apocynaceae,3
40087,Asparagaceae,2
40087,Asteraceae,37
40087,Bignoniaceae,2
40087,Boraginaceae,2
40087,Brassicaceae,1
40087,Cactaceae,1
40087,Campanulaceae,1
40087,Caprifoliaceae,3
40087,Commelinaceae,1
40087,Convolvulaceae,3
40087,Cucurbitaceae,1
40087,Cupressaceae,1
40087,Euphorbiaceae,6
40087,Fabaceae,29
40087,Fagaceae,2
40087,Gentianaceae,2
40087,Geraniaceae,2
40087,Iridaceae,2
40087,Juglandaceae,1
40087,Lamiaceae,3
40087,Linaceae,1
40087,Malvaceae,4
40087,Martyniaceae,1
40087,Moraceae,1
40087,Oleaceae,1
40087,Onagraceae,8
40087,Orobanchaceae,4
40087,Oxalidaceae,3
40087,Plantaginaceae,3
40087,Poaceae,8
40087,Polygalaceae,2
40087,Polygonaceae,1
40087,Ranunculaceae,3
40087,Rosaceae,4
40087,Rubiaceae,9
40087,Salicaceae,1
40087,Santalaceae,1
40087,Sapindaceae,1
40087,Smilacaceae,1
40087,Solanaceae,4
40087,Tamaricaceae,3
40087,Typhaceae,1
40087,Verbenaceae,5
40089,Acanthaceae,1
40089,Amaryllidaceae,1
40089,Anacardiaceae,3
40089,Apiaceae,1
40089,Apocynaceae,2
40089,Arecaceae,2
40089,Asteraceae,36
40089,Betulaceae,2
40089,Brassicaceae,2
40089,Campanulaceae,3
40089,Cannabaceae,1
40089,Caprifoliaceae,1
40089,Caryophyllaceae,3
40089,Cupressaceae,2
40089,Dryopteridaceae,1
40089,Ebenaceae,1
40089,Euphorbiaceae,2
40089,Fabaceae,5
40089,Fagaceae,3
40089,Hamamelidaceae,1
40089,Hydroleaceae,2
40089,Hypericaceae,2
40089,Juglandaceae,1
40089,Lamiaceae,5
40089,Linaceae,1
40089,Malvaceae,1
40089,Melanthiaceae,1
40089,Melastomataceae,1
40089,Nyssaceae,1
40089,Oleaceae,1
40089,Oxalidaceae,1
40089,Passifloraceae,4
40089,Phyllanthaceae,1
40089,Poaceae,22
40089,Polemoniaceae,1
40089,Polygalaceae,2
40089,Polygonaceae,3
40089,Potamogetonaceae,1
40089,Ranunculaceae,4
40089,Rosaceae,2
40089,Rubiaceae,2
40089,Rutaceae,1
40089,Sapindaceae,4
40089,Sapotaceae,1
40089,Smilacaceae,3
40089,Styracaceae,1
40089,Ulmaceae,1
40089,Vitaceae,1
40091,Asteraceae,1
40091,Bignoniaceae,1
40091,Campanulaceae,1
40091,Commelinaceae,2
40091,Cyperaceae,2
40091,Fabaceae,2
40091,Gentianaceae,1
40091,Linderniaceae,1
40091,Onagraceae,1
40091,Orobanchaceae,2
40091,Passifloraceae,1
40091,Phytolaccaceae,1
40091,Poaceae,1
40091,Rhamnaceae,1
40091,Rubiaceae,1
40091,Typhaceae,1
40093,Aizoaceae,1
40093,Anacardiaceae,4
40093,Apiaceae,1
40093,Apocynaceae,3
40093,Asparagaceae,1
40093,Asteraceae,29
40093,Boraginaceae,12
40093,Brassicaceae,8
40093,Caryophyllaceae,1
40093,Cucurbitaceae,1
40093,Cyperaceae,3
40093,Equisetaceae,8
40093,Euphorbiaceae,4
40093,Fabaceae,25
40093,Krameriaceae,1
40093,Loasaceae,7
40093,Malvaceae,2
40093,Martyniaceae,1
40093,Nyctaginaceae,1
40093,Onagraceae,24
40093,Orobanchaceae,1
40093,Poaceae,22
40093,Portulacaceae,4
40093,Rubiaceae,1
40093,Sapindaceae,1
40093,Solanaceae,6
40093,Tamaricaceae,7
40093,Zygophyllaceae,1
40095,Apiaceae,2
40095,Apocynaceae,1
40095,Asteraceae,9
40095,Bignoniaceae,1
40095,Boraginaceae,2
40095,Brassicaceae,1
40095,Campanulaceae,1
40095,Cistaceae,1
40095,Commelinaceae,1
40095,Cyperaceae,13
40095,Euphorbiaceae,2
40095,Fabaceae,4
40095,Gentianaceae,1
40095,Lamiaceae,1
40095,Loganiaceae,1
40095,Onagraceae,3
40095,Orobanchaceae,2
40095,Oxalidaceae,1
40095,Passifloraceae,1
40095,Phytolaccaceae,1
40095,Poaceae,6
40095,Polygonaceae,1
40095,Rubiaceae,1
40095,Rutaceae,1
40095,Sapindaceae,1
40095,Scrophulariaceae,1
40095,Verbenaceae,4
40097,Apiaceae,1
40097,Asteraceae,1
40097,Commelinaceae,1
40097,Euphorbiaceae,1
40097,Fabaceae,1
40097,Plantaginaceae,1
40097,Poaceae,1
40097,Polemoniaceae,1
40097,Violaceae,1
40099,Acanthaceae,2
40099,Amaryllidaceae,5
40099,Anacardiaceae,5
40099,Apiaceae,9
40099,Apocynaceae,14
40099,Araceae,2
40099,Aristolochiaceae,1
40099,Asparagaceae,5
40099,Asteraceae,57
40099,Betulaceae,1
40099,Bignoniaceae,2
40099,Boraginaceae,5
40099,Brassicaceae,19
40099,Cactaceae,2
40099,Cannabaceae,2
40099,Caprifoliaceae,7
40099,Caryophyllaceae,5
40099,Celastraceae,1
40099,Commelinaceae,8
40099,Convolvulaceae,8
40099,Cornaceae,5
40099,Crassulaceae,8
40099,Cucurbitaceae,1
40099,Cupressaceae,6
40099,Cyperaceae,11
40099,Euphorbiaceae,9
40099,Fabaceae,52
40099,Fagaceae,19
40099,Gentianaceae,16
40099,Geraniaceae,2
40099,Grossulariaceae,1
40099,Hypericaceae,1
40099,Iridaceae,1
40099,Juglandaceae,1
40099,Lamiaceae,23
40099,Liliaceae,1
40099,Linaceae,10
40099,Loasaceae,4
40099,Loganiaceae,1
40099,Lythraceae,1
40099,Malvaceae,5
40099,Melanthiaceae,2
40099,Menispermaceae,4
40099,Montiaceae,4
40099,Moraceae,1
40099,Oleaceae,7
40099,Onagraceae,18
40099,Ophioglossaceae,2
40099,Orobanchaceae,6
40099,Oxalidaceae,3
40099,Papaveraceae,1
40099,Phrymaceae,2
40099,Phyllanthaceae,5
40099,Plantaginaceae,19
40099,Platanaceae,1
40099,Poaceae,5
40099,Polemoniaceae,10
40099,Polygalaceae,2
40099,Polygonaceae,3
40099,Potamogetonaceae,1
40099,Primulaceae,4
40099,Pteridaceae,8
40099,Ranunculaceae,5
40099,Rosaceae,11
40099,Rubiaceae,7
40099,Rutaceae,4
40099,Salicaceae,6
40099,Santalaceae,1
40099,Smilacaceae,2
40099,Solanaceae,14
40099,Talinaceae,1
40099,Typhaceae,1
40099,Ulmaceae,6
40099,Verbenaceae,26
40099,Viburnaceae,3
40099,Violaceae,1
40099,Vitaceae,7
40099,Zygophyllaceae,1
40101,Amaranthaceae,2
40101,Amaryllidaceae,2
40101,Apiaceae,4
40101,Apocynaceae,1
40101,Aquifoliaceae,2
40101,Asteraceae,23
40101,Boraginaceae,5
40101,Brassicaceae,3
40101,Cannabaceae,1
40101,Caryophyllaceae,4
40101,Cistaceae,1
40101,Cleomaceae,1
40101,Commelinaceae,2
40101,Cucurbitaceae,1
40101,Cyperaceae,4
40101,Euphorbiaceae,3
40101,Fabaceae,21
40101,Fagaceae,4
40101,Hydroleaceae,1
40101,Hypericaceae,2
40101,Hypoxidaceae,1
40101,Iridaceae,2
40101,Lamiaceae,5
40101,Liliaceae,1
40101,Malvaceae,2
40101,Melanthiaceae,1
40101,Menispermaceae,1
40101,Onagraceae,1
40101,Oxalidaceae,1
40101,Plantaginaceae,6
40101,Poaceae,5
40101,Polemoniaceae,2
40101,Polygonaceae,2
40101,Pteridaceae,1
40101,Ranunculaceae,5
40101,Rosaceae,9
40101,Rutaceae,2
40101,Sapindaceae,2
40101,Sapotaceae,1
40101,Smilacaceae,1
40101,Solanaceae,1
40101,Verbenaceae,3
40101,Viburnaceae,1
40101,Violaceae,2
40101,Vitaceae,1
40101,Zygophyllaceae,1
40103,Apocynaceae,2
40103,Asteraceae,2
40103,Commelinaceae,3
40103,Convolvulaceae,5
40103,Euphorbiaceae,2
40103,Fabaceae,3
40103,Linaceae,1
40103,Malvaceae,1
40103,Rubiaceae,1
40103,Viburnaceae,1
40107,Apiaceae,3
40107,Apocynaceae,1
40107,Asteraceae,7
40107,Commelinaceae,1
40107,Cyperaceae,1
40107,Fabaceae,1
40107,Lamiaceae,2
40107,Nyctaginaceae,1
40107,Orobanchaceae,1
40107,Polygalaceae,1
40107,Rubiaceae,1
40109,Acanthaceae,37
40109,Alismataceae,7
40109,Altingiaceae,2
40109,Amaranthaceae,46
40109,Amaryllidaceae,48
40109,Anacardiaceae,51
40109,Apiaceae,106
40109,Apocynaceae,129
40109,Aquifoliaceae,2
40109,Araliaceae,1
40109,Asparagaceae,26
40109,Aspleniaceae,2
40109,Asteraceae,859
40109,Bignoniaceae,57
40109,Boraginaceae,104
40109,Brassicaceae,206
40109,Cactaceae,3
40109,Campanulaceae,22
40109,Cannabaceae,19
40109,Caprifoliaceae,62
40109,Caryophyllaceae,80
40109,Celastraceae,10
40109,Cistaceae,1
40109,Cleomaceae,5
40109,Commelinaceae,80
40109,Convolvulaceae,83
40109,Cornaceae,7
40109,Crassulaceae,2
40109,Cucurbitaceae,8
40109,Cupressaceae,20
40109,Cyperaceae,80
40109,Ebenaceae,3
40109,Equisetaceae,21
40109,Ericaceae,1
40109,Euphorbiaceae,115
40109,Fabaceae,558
40109,Fagaceae,32
40109,Gentianaceae,49
40109,Geraniaceae,44
40109,Grossulariaceae,11
40109,Hypericaceae,4
40109,Hypoxidaceae,1
40109,Iridaceae,19
40109,Juglandaceae,11
40109,Juncaceae,13
40109,Krameriaceae,1
40109,Lamiaceae,162
40109,Liliaceae,2
40109,Linaceae,20
40109,Linderniaceae,1
40109,Loasaceae,5
40109,Loganiaceae,1
40109,Lythraceae,10
40109,Malvaceae,69
40109,Marsileaceae,1
40109,Martyniaceae,6
40109,Melastomataceae,1
40109,Menispermaceae,2
40109,Molluginaceae,10
40109,Montiaceae,31
40109,Moraceae,11
40109,Nelumbonaceae,6
40109,Nyctaginaceae,8
40109,Nymphaeaceae,2
40109,Oleaceae,6
40109,Onagraceae,134
40109,Ophioglossaceae,1
40109,Orobanchaceae,15
40109,Oxalidaceae,55
40109,Papaveraceae,32
40109,Passifloraceae,11
40109,Phrymaceae,1
40109,Phytolaccaceae,14
40109,Plantaginaceae,150
40109,Platanaceae,15
40109,Poaceae,280
40109,Polemoniaceae,13
40109,Polygalaceae,24
40109,Polygonaceae,72
40109,Portulacaceae,2
40109,Primulaceae,2
40109,Pteridaceae,3
40109,Ranunculaceae,54
40109,Rhamnaceae,5
40109,Rosaceae,74
40109,Rubiaceae,109
40109,Rutaceae,3
40109,Salicaceae,30
40109,Santalaceae,2
40109,Sapindaceae,32
40109,Sapotaceae,6
40109,Scrophulariaceae,5
40109,Simaroubaceae,5
40109,Smilacaceae,8
40109,Solanaceae,115
40109,Talinaceae,5
40109,Tamaricaceae,10
40109,Tetrachondraceae,1
40109,Typhaceae,25
40109,Ulmaceae,45
40109,Urticaceae,2
40109,Verbenaceae,83
40109,Viburnaceae,14
40109,Violaceae,50
40109,Vitaceae,11
40109,Woodsiaceae,2
40109,Zygophyllaceae,13
40111,Amaryllidaceae,1
40111,Asteraceae,2
40111,Boraginaceae,1
40111,Fabaceae,3
40111,Hypericaceae,1
40111,Orobanchaceae,1
40111,Ranunculaceae,1
40113,Acanthaceae,6
40113,Anacardiaceae,1
40113,Apiaceae,3
40113,Apocynaceae,4
40113,Araceae,2
40113,Asteraceae,12
40113,Betulaceae,1
40113,Brassicaceae,5
40113,Campanulaceae,2
40113,Caryophyllaceae,1
40113,Commelinaceae,7
40113,Convolvulaceae,1
40113,Cyperaceae,7
40113,Euphorbiaceae,3
40113,Fabaceae,8
40113,Gentianaceae,1
40113,Hypoxidaceae,1
40113,Iridaceae,1
40113,Lamiaceae,6
40113,Lythraceae,5
40113,Malvaceae,1
40113,Melanthiaceae,1
40113,Onagraceae,1
40113,Passifloraceae,1
40113,Plantaginaceae,9
40113,Poaceae,13
40113,Polygalaceae,1
40113,Polygonaceae,2
40113,Rhamnaceae,1
40113,Rubiaceae,2
40113,Solanaceae,7
40113,Tamaricaceae,1
40113,Verbenaceae,12
40113,Viburnaceae,1
40113,Woodsiaceae,1
40115,Caryophyllaceae,1
40115,Cyperaceae,6
40115,Onagraceae,1
40117,Asteraceae,1
40117,Commelinaceae,1
40117,Cyperaceae,1
40117,Fabaceae,1
40117,Plantaginaceae,1
40117,Solanaceae,1
40117,Typhaceae,1
40117,Violaceae,1
40119,Amaranthaceae,1
40119,Amaryllidaceae,2
40119,Anacardiaceae,1
40119,Apiaceae,5
40119,Apocynaceae,2
40119,Asteraceae,32
40119,Boraginaceae,1
40119,Brassicaceae,3
40119,Campanulaceae,1
40119,Caprifoliaceae,1
40119,Caryophyllaceae,1
40119,Convolvulaceae,3
40119,Cupressaceae,2
40119,Cyperaceae,10
40119,Elaeagnaceae,1
40119,Euphorbiaceae,4
40119,Fabaceae,16
40119,Fagaceae,3
40119,Hypoxidaceae,2
40119,Iridaceae,3
40119,Krameriaceae,1
40119,Lamiaceae,2
40119,Malvaceae,4
40119,Nyctaginaceae,1
40119,Oleaceae,2
40119,Onagraceae,6
40119,Orobanchaceae,1
40119,Oxalidaceae,1
40119,Phytolaccaceae,1
40119,Plantaginaceae,3
40119,Poaceae,39
40119,Polygonaceae,5
40119,Ranunculaceae,2
40119,Rosaceae,1
40119,Rubiaceae,7
40119,Salicaceae,1
40119,Sapotaceae,1
40119,Solanaceae,1
40119,Verbenaceae,2
40119,Zygophyllaceae,1
40121,Acanthaceae,1
40121,Apocynaceae,1
40121,Asteraceae,2
40121,Bignoniaceae,1
40121,Fabaceae,1
40121,Hypericaceae,1
40121,Ranunculaceae,2
40121,Verbenaceae,1
40121,Violaceae,1
40123,Amaranthaceae,1
40123,Asteraceae,18
40123,Boraginaceae,1
40123,Brassicaceae,2
40123,Caprifoliaceae,1
40123,Crassulaceae,1
40123,Equisetaceae,1
40123,Fagaceae,1
40123,Orobanchaceae,1
40123,Poaceae,4
40123,Polygonaceae,1
40123,Primulaceae,2
40123,Verbenaceae,2
40123,Viburnaceae,3
40125,Anacardiaceae,2
40125,Apiaceae,2
40125,Apocynaceae,1
40125,Asteraceae,12
40125,Bignoniaceae,1
40125,Brassicaceae,1
40125,Caprifoliaceae,1
40125,Cistaceae,1
40125,Cyperaceae,5
40125,Euphorbiaceae,1
40125,Fabaceae,5
40125,Gentianaceae,1
40125,Lamiaceae,2
40125,Onagraceae,3
40125,Orobanchaceae,2
40125,Phytolaccaceae,1
40125,Plantaginaceae,3
40125,Poaceae,3
40125,Polygalaceae,1
40125,Polygonaceae,2
40125,Rubiaceae,2
40125,Scrophulariaceae,1
40125,Simaroubaceae,1
40125,Solanaceae,1
40125,Typhaceae,2
40127,Altingiaceae,1
40127,Asteraceae,4
40127,Betulaceae,2
40127,Caprifoliaceae,1
40127,Cornaceae,1
40127,Euphorbiaceae,1
40127,Fabaceae,10
40127,Fagaceae,9
40127,Hypericaceae,2
40127,Lamiaceae,1
40127,Linaceae,1
40127,Malvaceae,1
40127,Nyssaceae,1
40127,Orobanchaceae,1
40127,Oxalidaceae,1
40127,Passifloraceae,1
40127,Plantaginaceae,1
40127,Poaceae,7
40127,Pteridaceae,1
40127,Rosaceae,2
40127,Sapindaceae,1
40127,Saururaceae,2
40127,Ulmaceae,2
40127,Vitaceae,2
40129,Asteraceae,1
40129,Brassicaceae,3
40129,Cyperaceae,1
40129,Onagraceae,3
40129,Poaceae,1
40129,Rosaceae,1
40129,Solanaceae,1
40131,Apiaceae,1
40131,Caprifoliaceae,1
40131,Fabaceae,4
40131,Lamiaceae,4
40131,Orobanchaceae,1
40131,Oxalidaceae,1
40131,Polemoniaceae,1
40131,Rosaceae,1
40131,Verbenaceae,1
40133,Asteraceae,5
40133,Cyperaceae,1
40133,Orobanchaceae,1
40133,Poaceae,2
40135,Amaranthaceae,1
40135,Asteraceae,8
40135,Cyperaceae,1
40135,Fabaceae,4
40135,Fagaceae,1
40135,Gentianaceae,1
40135,Iridaceae,1
40135,Lythraceae,1
40135,Plantaginaceae,1
40135,Poaceae,1
40135,Tetrachondraceae,1
40135,Violaceae,1
40137,Amaryllidaceae,1
40137,Apocynaceae,1
40137,Asparagaceae,1
40137,Asteraceae,5
40137,Boraginaceae,2
40137,Cyperaceae,1
40137,Fabaceae,12
40137,Lamiaceae,3
40137,Onagraceae,3
40137,Orobanchaceae,5
40137,Papaveraceae,1
40137,Polemoniaceae,1
40137,Rubiaceae,1
40137,Smilacaceae,2
40139,Asteraceae,1
40139,Malvaceae,1
40139,Onagraceae,1
40139,Poaceae,1
40141,Asteraceae,1
40141,Brassicaceae,2
40141,Poaceae,2
40143,Acanthaceae,1
40143,Amaryllidaceae,2
40143,Apiaceae,2
40143,Apocynaceae,1
40143,Asparagaceae,1
40143,Asteraceae,9
40143,Boraginaceae,3
40143,Brassicaceae,3
40143,Campanulaceae,1
40143,Caprifoliaceae,1
40143,Caryophyllaceae,2
40143,Convolvulaceae,1
40143,Cornaceae,1
40143,Cyperaceae,6
40143,Euphorbiaceae,1
40143,Fabaceae,6
40143,Gentianaceae,1
40143,Grossulariaceae,1
40143,Juncaceae,1
40143,Lamiaceae,4
40143,Liliaceae,1
40143,Lythraceae,2
40143,Montiaceae,1
40143,Oleaceae,1
40143,Onagraceae,2
40143,Oxalidaceae,1
40143,Plantaginaceae,1
40143,Poaceae,2
40143,Polygalaceae,1
40143,Ranunculaceae,1
40143,Rubiaceae,3
40143,Violaceae,2
40145,Caprifoliaceae,1
40145,Cyperaceae,2
40145,Fabaceae,3
40145,Hypericaceae,1
40145,Lamiaceae,2
40145,Orobanchaceae,2
40145,Rosaceae,2
40145,Verbenaceae,2
40147,Apiaceae,1
40147,Apocynaceae,5
40147,Araceae,1
40147,Asteraceae,11
40147,Bignoniaceae,1
40147,Boraginaceae,1
40147,Brassicaceae,1
40147,Campanulaceae,1
40147,Caprifoliaceae,1
40147,Commelinaceae,1
40147,Convolvulaceae,2
40147,Cyperaceae,2
40147,Euphorbiaceae,1
40147,Hypoxidaceae,1
40147,Melanthiaceae,1
40147,Onagraceae,2
40147,Passifloraceae,1
40147,Plantaginaceae,1
40147,Poaceae,1
40147,Polemoniaceae,1
40147,Rosaceae,2
40147,Verbenaceae,1
40149,Amaranthaceae,1
40149,Asteraceae,2
40149,Commelinaceae,1
40149,Sapindaceae,1
40149,Verbenaceae,1
40151,Anacardiaceae,7
40151,Apiaceae,1
40151,Apocynaceae,8
40151,Araceae,1
40151,Asteraceae,13
40151,Boraginaceae,3
40151,Brassicaceae,10
40151,Cannabaceae,1
40151,Convolvulaceae,7
40151,Cyperaceae,10
40151,Euphorbiaceae,6
40151,Fabaceae,8
40151,Loasaceae,2
40151,Malvaceae,1
40151,Nyctaginaceae,2
40151,Onagraceae,6
40151,Papaveraceae,2
40151,Plantaginaceae,3
40151,Poaceae,7
40151,Polemoniaceae,1
40151,Portulacaceae,1
40151,Ranunculaceae,2
40151,Rhamnaceae,1
40151,Sapotaceae,1
40151,Tamaricaceae,8
40153,Amaranthaceae,1
40153,Amaryllidaceae,1
40153,Anacardiaceae,8
40153,Apiaceae,4
40153,Apocynaceae,12
40153,Asparagaceae,2
40153,Asteraceae,119
40153,Boraginaceae,18
40153,Brassicaceae,10
40153,Caprifoliaceae,2
40153,Caryophyllaceae,2
40153,Cleomaceae,1
40153,Commelinaceae,4
40153,Convolvulaceae,3
40153,Cornaceae,1
40153,Cupressaceae,5
40153,Cyperaceae,18
40153,Euphorbiaceae,27
40153,Fabaceae,53
40153,Geraniaceae,2
40153,Grossulariaceae,5
40153,Juncaceae,2
40153,Krameriaceae,2
40153,Lamiaceae,4
40153,Linaceae,6
40153,Loasaceae,9
40153,Malvaceae,4
40153,Nyctaginaceae,4
40153,Oleaceae,1
40153,Onagraceae,44
40153,Orobanchaceae,6
40153,Plantaginaceae,13
40153,Poaceae,117
40153,Polemoniaceae,3
40153,Polygalaceae,4
40153,Polygonaceae,5
40153,Portulacaceae,6
40153,Primulaceae,1
40153,Pteridaceae,4
40153,Ranunculaceae,1
40153,Rosaceae,2
40153,Rubiaceae,4
40153,Rutaceae,1
40153,Salicaceae,3
40153,Santalaceae,4
40153,Sapotaceae,1
40153,Solanaceae,8
40153,Tamaricaceae,6
40153,Typhaceae,1
40153,Ulmaceae,7
40153,Urticaceae,1
40153,Verbenaceae,2
40153,Violaceae,1
40153,Vitaceae,7
40153,Zygophyllaceae,1
